week,region,week_index,revenue_k,tv_spend_k,search_spend_k,social_spend_k,display_spend_k,email_ksends,discount_pct,promo,holiday,competitor_sov,category_demand
2024-01-01,Northeast,0,427.97,0.0,11.45,9.9,11.03,143.9,6.3,false,false,0.331,104.0
2024-01-08,Northeast,1,441.49,0.0,17.66,11.14,11.21,144.4,3.7,false,false,0.307,103.1
2024-01-15,Northeast,2,417.55,0.0,17.05,8.36,10.12,163.7,5.0,false,false,0.296,101.3
2024-01-22,Northeast,3,423.14,0.0,8.68,10.48,8.99,168.6,4.3,false,false,0.28,98.6
2024-01-29,Northeast,4,437.28,35.96,11.15,13.55,7.05,167.1,3.7,false,false,0.325,96.3
2024-02-05,Northeast,5,439.36,35.06,11.05,18.18,8.19,159.0,5.3,false,false,0.382,95.4
2024-02-12,Northeast,6,494.78,31.15,13.25,15.8,11.65,139.8,3.8,false,false,0.303,113.3
2024-02-19,Northeast,7,420.6,40.27,9.81,12.19,10.48,167.0,5.1,false,false,0.357,100.9
2024-02-26,Northeast,8,440.03,34.81,15.05,8.63,7.02,146.1,6.9,false,false,0.343,98.1
2024-03-04,Northeast,9,482.87,30.65,11.66,12.44,7.95,265.7,20.6,true,false,0.353,93.2
2024-03-11,Northeast,10,467.06,0.0,14.29,14.49,9.09,149.2,5.6,false,false,0.354,106.8
2024-03-18,Northeast,11,443.25,0.0,7.91,13.45,8.22,172.7,3.2,false,false,0.37,100.1
2024-03-25,Northeast,12,473.83,0.0,16.85,12.07,8.16,133.9,3.1,false,false,0.397,106.4
2024-04-01,Northeast,13,468.45,0.0,14.88,10.77,11.2,166.5,4.7,false,false,0.281,106.3
2024-04-08,Northeast,14,477.79,0.0,20.61,14.48,9.42,141.3,6.0,false,false,0.347,121.1
2024-04-15,Northeast,15,482.78,0.0,15.8,16.38,11.18,151.4,6.9,false,false,0.337,127.9
2024-04-22,Northeast,16,530.98,33.54,15.79,15.27,5.39,137.6,6.4,false,false,0.364,136.1
2024-04-29,Northeast,17,517.05,30.82,13.09,14.8,8.83,137.1,6.0,false,false,0.361,149.6
2024-05-06,Northeast,18,489.89,32.46,18.69,9.08,9.03,159.0,5.6,false,false,0.35,115.0
2024-05-13,Northeast,19,503.51,41.93,16.32,13.27,11.06,159.7,5.3,false,false,0.369,129.7
2024-05-20,Northeast,20,499.85,42.66,12.81,12.07,11.66,160.8,5.2,false,false,0.358,117.1
2024-05-27,Northeast,21,522.13,40.6,14.72,12.93,8.91,253.7,19.0,true,true,0.355,108.9
2024-06-03,Northeast,22,463.08,0.0,11.78,11.38,6.3,133.1,5.2,false,false,0.353,103.3
2024-06-10,Northeast,23,448.72,0.0,11.61,11.75,8.8,176.5,5.0,false,false,0.304,102.2
2024-06-17,Northeast,24,419.48,0.0,8.39,15.15,8.13,176.8,5.3,false,false,0.312,97.4
2024-06-24,Northeast,25,486.58,0.0,11.82,12.38,7.37,137.6,5.5,false,false,0.272,105.6
2024-07-01,Northeast,26,518.64,0.0,12.04,17.05,7.13,304.6,21.2,true,true,0.355,106.8
2024-07-08,Northeast,27,453.85,0.0,15.54,9.06,9.57,158.0,5.8,false,false,0.305,101.6
2024-07-15,Northeast,28,473.46,0.0,13.5,16.86,7.15,176.5,4.7,false,false,0.341,107.4
2024-07-22,Northeast,29,427.65,0.0,12.51,12.31,5.8,142.6,3.5,false,false,0.232,101.8
2024-07-29,Northeast,30,454.06,37.17,11.75,19.62,10.98,139.2,5.7,false,false,0.291,103.0
2024-08-05,Northeast,31,470.32,34.6,12.31,9.52,8.3,138.9,6.7,false,false,0.32,99.4
2024-08-12,Northeast,32,486.51,30.95,16.88,12.26,8.2,146.3,5.7,false,false,0.3,105.8
2024-08-19,Northeast,33,475.74,40.55,21.47,8.65,9.31,138.5,6.1,false,false,0.296,97.4
2024-08-26,Northeast,34,449.25,38.35,11.77,12.05,7.34,167.1,7.4,false,false,0.279,95.8
2024-09-02,Northeast,35,518.44,41.6,8.61,14.57,7.46,278.7,21.2,true,true,0.3,98.2
2024-09-09,Northeast,36,511.61,0.0,18.94,14.02,7.94,150.8,7.9,false,false,0.291,109.0
2024-09-16,Northeast,37,460.85,0.0,9.86,10.06,5.32,134.7,3.6,false,false,0.249,103.4
2024-09-23,Northeast,38,461.52,0.0,15.22,11.87,8.24,166.3,5.5,false,false,0.251,107.9
2024-09-30,Northeast,39,482.49,0.0,11.28,10.32,11.67,144.1,5.5,false,false,0.248,104.0
2024-10-07,Northeast,40,495.6,0.0,16.24,15.58,11.59,137.5,4.6,false,false,0.267,108.8
2024-10-14,Northeast,41,473.11,0.0,12.31,10.92,9.52,158.2,5.0,false,false,0.171,105.8
2024-10-21,Northeast,42,455.55,35.49,16.42,11.57,6.18,173.5,6.4,false,false,0.289,104.2
2024-10-28,Northeast,43,518.12,41.75,15.88,9.68,8.02,174.7,6.1,false,false,0.215,122.1
2024-11-04,Northeast,44,496.5,32.96,13.23,9.83,10.57,151.5,4.2,false,false,0.219,123.1
2024-11-11,Northeast,45,534.74,33.53,18.97,15.23,9.54,162.9,3.7,false,false,0.289,135.5
2024-11-18,Northeast,46,581.91,31.47,27.32,12.43,5.09,158.4,4.9,false,false,0.283,151.5
2024-11-25,Northeast,47,655.36,32.41,20.51,9.79,11.66,271.6,21.9,true,true,0.228,156.7
2024-12-02,Northeast,48,579.27,0.0,17.73,8.05,6.8,145.2,5.0,false,false,0.289,155.1
2024-12-09,Northeast,49,591.07,0.0,25.29,12.56,7.69,154.3,5.0,false,false,0.254,148.0
2024-12-16,Northeast,50,523.79,0.0,22.36,11.53,8.17,167.7,6.3,false,false,0.255,136.5
2024-12-23,Northeast,51,597.03,0.0,24.68,11.44,6.44,297.4,19.8,true,true,0.258,127.1
2024-12-30,Northeast,52,506.93,0.0,15.43,14.62,6.3,143.2,5.8,false,false,0.311,123.2
2025-01-06,Northeast,53,441.28,0.0,14.14,11.41,5.77,176.2,7.2,false,false,0.243,102.9
2025-01-13,Northeast,54,470.98,0.0,15.52,16.71,11.03,175.5,5.2,false,false,0.289,109.3
2025-01-20,Northeast,55,454.64,0.0,14.22,12.47,6.21,147.6,6.6,false,false,0.298,104.7
2025-01-27,Northeast,56,481.94,29.5,13.67,14.22,5.44,139.7,3.2,false,false,0.296,107.1
2025-02-03,Northeast,57,487.92,36.21,14.38,15.46,10.4,162.0,3.3,false,false,0.324,111.0
2025-02-10,Northeast,58,519.25,40.39,12.68,14.1,7.18,132.1,6.9,false,false,0.298,111.5
2025-02-17,Northeast,59,517.75,42.24,13.63,14.0,7.62,133.9,5.9,false,false,0.391,110.1
2025-02-24,Northeast,60,491.17,34.27,14.19,13.81,5.47,160.9,6.9,false,false,0.357,108.9
2025-03-03,Northeast,61,518.42,30.87,11.56,10.01,10.04,269.0,22.2,true,false,0.319,98.6
2025-03-10,Northeast,62,507.07,0.0,16.46,16.74,6.39,133.0,5.4,false,false,0.343,106.2
2025-03-17,Northeast,63,475.41,0.0,14.86,14.53,11.3,168.3,5.6,false,false,0.314,101.5
2025-03-24,Northeast,64,466.61,0.0,18.73,19.24,7.58,150.0,4.6,false,false,0.346,109.6
2025-03-31,Northeast,65,468.08,0.0,16.13,16.95,7.8,164.6,5.1,false,false,0.346,107.7
2025-04-07,Northeast,66,509.1,0.0,15.68,16.57,8.58,151.5,3.8,false,false,0.353,119.5
2025-04-14,Northeast,67,515.21,0.0,23.4,19.03,8.02,162.0,4.6,false,false,0.364,133.4
2025-04-21,Northeast,68,546.07,40.7,18.34,10.96,9.43,169.2,4.6,false,false,0.35,136.5
2025-04-28,Northeast,69,540.31,36.67,26.81,13.9,7.29,135.1,3.9,false,false,0.405,145.0
2025-05-05,Northeast,70,545.9,31.06,16.93,17.83,7.9,175.5,6.3,false,false,0.324,134.4
2025-05-12,Northeast,71,569.67,40.12,14.33,24.31,8.22,144.3,5.3,false,false,0.344,138.2
2025-05-19,Northeast,72,494.09,36.87,18.11,18.47,8.68,165.2,4.2,false,false,0.391,125.4
2025-05-26,Northeast,73,578.51,40.71,13.11,14.24,9.73,315.2,19.3,true,true,0.305,114.3
2025-06-02,Northeast,74,506.27,0.0,15.77,11.12,10.96,163.7,4.2,false,false,0.336,111.3
2025-06-09,Northeast,75,478.68,0.0,13.29,18.3,11.28,153.8,4.4,false,false,0.305,101.5
2025-06-16,Northeast,76,509.58,0.0,16.06,25.84,7.03,140.8,6.7,false,false,0.321,110.2
2025-06-23,Northeast,77,488.89,0.0,16.93,17.25,8.04,175.4,5.9,false,false,0.366,112.6
2025-06-30,Northeast,78,529.95,0.0,14.69,11.78,11.39,308.8,18.2,true,true,0.35,102.1
2025-07-07,Northeast,79,475.04,0.0,14.72,19.6,7.82,156.3,4.3,false,false,0.36,110.3
2025-07-14,Northeast,80,481.45,0.0,15.35,21.79,7.66,163.8,5.6,false,false,0.316,105.5
2025-07-21,Northeast,81,448.72,0.0,11.16,15.36,9.96,135.6,5.5,false,false,0.274,101.1
2025-07-28,Northeast,82,483.64,33.4,18.58,21.71,8.59,144.0,4.6,false,false,0.306,106.4
2025-08-04,Northeast,83,483.97,38.63,10.98,19.1,9.48,142.5,2.9,false,false,0.322,100.9
2025-08-11,Northeast,84,513.88,30.97,13.07,21.5,7.72,172.1,5.9,false,false,0.314,110.0
2025-08-18,Northeast,85,514.12,39.85,15.13,18.56,10.06,133.2,5.0,false,false,0.352,117.7
2025-08-25,Northeast,86,516.81,34.74,14.18,21.34,7.13,176.7,5.2,false,false,0.283,112.5
2025-09-01,Northeast,87,565.47,42.41,15.97,16.81,9.4,297.0,19.5,true,true,0.256,103.5
2025-09-08,Northeast,88,497.13,0.0,10.73,21.29,8.62,166.0,5.3,false,false,0.265,103.4
2025-09-15,Northeast,89,500.5,0.0,18.0,16.67,9.12,150.1,6.9,false,false,0.301,105.9
2025-09-22,Northeast,90,507.36,0.0,16.15,10.75,11.76,171.4,3.8,false,false,0.283,108.2
2025-09-29,Northeast,91,499.68,0.0,16.89,15.55,7.1,153.0,5.6,false,false,0.267,106.0
2025-10-06,Northeast,92,515.08,0.0,18.14,18.11,8.9,139.3,5.7,false,false,0.28,113.5
2025-10-13,Northeast,93,511.79,0.0,10.56,12.4,10.94,171.9,4.1,false,false,0.245,110.9
2025-10-20,Northeast,94,500.04,33.7,14.23,12.33,11.18,144.2,4.6,false,false,0.269,114.1
2025-10-27,Northeast,95,533.42,32.67,14.82,17.56,8.02,134.5,4.4,false,false,0.261,112.9
2025-11-03,Northeast,96,563.94,33.26,13.15,23.53,11.38,147.7,5.7,false,false,0.207,130.8
2025-11-10,Northeast,97,558.13,41.22,12.36,18.03,8.64,140.3,3.9,false,false,0.291,138.2
2025-11-17,Northeast,98,575.79,39.72,19.07,10.1,6.6,155.5,5.8,false,false,0.229,139.6
2025-11-24,Northeast,99,667.54,31.12,18.22,21.56,9.74,293.3,20.1,true,true,0.226,150.4
2025-12-01,Northeast,100,615.87,0.0,20.31,16.85,5.59,161.5,4.0,false,false,0.289,161.2
2025-12-08,Northeast,101,598.66,0.0,21.6,10.45,11.18,163.7,4.7,false,false,0.257,149.2
2025-12-15,Northeast,102,544.73,0.0,20.13,20.86,8.66,175.0,4.3,false,false,0.248,136.0
2025-12-22,Northeast,103,637.26,0.0,20.19,12.78,5.91,274.0,20.9,true,true,0.216,141.6
2024-01-01,Mid-Atlantic,0,380.16,0.0,9.79,12.23,6.47,116.6,6.6,false,false,0.229,91.9
2024-01-08,Mid-Atlantic,1,390.35,0.0,12.94,7.38,8.89,113.6,5.9,false,false,0.316,102.1
2024-01-15,Mid-Atlantic,2,387.71,0.0,12.49,7.87,6.17,129.8,5.3,false,false,0.304,106.8
2024-01-22,Mid-Atlantic,3,389.84,0.0,15.46,10.79,9.12,122.0,5.2,false,false,0.315,99.7
2024-01-29,Mid-Atlantic,4,374.17,30.11,9.96,9.48,8.73,138.0,4.6,false,false,0.331,93.3
2024-02-05,Mid-Atlantic,5,399.3,30.98,12.15,9.67,5.35,121.2,3.8,false,false,0.35,99.9
2024-02-12,Mid-Atlantic,6,400.18,35.62,12.35,8.62,9.22,147.8,5.0,false,false,0.342,94.7
2024-02-19,Mid-Atlantic,7,401.49,34.47,11.18,9.08,7.01,125.8,6.1,false,false,0.389,99.3
2024-02-26,Mid-Atlantic,8,417.23,36.27,10.81,12.0,4.44,140.6,6.8,false,false,0.324,97.3
2024-03-04,Mid-Atlantic,9,453.15,26.91,12.29,7.43,6.05,213.8,19.3,true,false,0.289,108.0
2024-03-11,Mid-Atlantic,10,419.45,0.0,12.3,9.56,8.37,123.3,4.8,false,false,0.364,101.1
2024-03-18,Mid-Atlantic,11,408.44,0.0,11.63,8.68,8.2,134.6,5.1,false,false,0.38,101.4
2024-03-25,Mid-Atlantic,12,426.98,0.0,10.05,6.46,5.35,134.0,5.3,false,false,0.333,109.2
2024-04-01,Mid-Atlantic,13,423.0,0.0,19.61,7.73,9.05,128.8,4.3,false,false,0.357,115.3
2024-04-08,Mid-Atlantic,14,465.44,0.0,10.71,14.44,8.98,129.6,6.1,false,false,0.326,116.2
2024-04-15,Mid-Atlantic,15,416.35,0.0,14.71,6.72,5.81,148.9,5.3,false,false,0.311,117.1
2024-04-22,Mid-Atlantic,16,486.19,36.58,18.07,7.04,7.86,123.4,5.9,false,false,0.334,139.8
2024-04-29,Mid-Atlantic,17,500.11,31.48,17.43,8.71,6.96,131.4,3.9,false,false,0.365,142.2
2024-05-06,Mid-Atlantic,18,494.92,28.83,13.89,9.97,8.48,119.3,4.0,false,false,0.397,142.6
2024-05-13,Mid-Atlantic,19,454.71,32.72,16.97,11.65,6.5,116.0,4.9,false,false,0.392,127.9
2024-05-20,Mid-Atlantic,20,469.23,27.41,9.45,8.49,5.57,120.5,6.0,false,false,0.316,121.8
2024-05-27,Mid-Atlantic,21,490.09,32.84,12.89,6.65,6.81,211.2,19.4,true,true,0.357,102.7
2024-06-03,Mid-Atlantic,22,416.58,0.0,12.65,7.21,6.95,136.4,5.1,false,false,0.351,102.3
2024-06-10,Mid-Atlantic,23,425.68,0.0,9.84,12.6,8.27,134.7,4.6,false,false,0.326,102.1
2024-06-17,Mid-Atlantic,24,434.53,0.0,12.87,11.23,7.39,130.3,3.6,false,false,0.317,100.2
2024-06-24,Mid-Atlantic,25,417.23,0.0,11.72,7.12,8.28,127.9,5.6,false,false,0.364,100.9
2024-07-01,Mid-Atlantic,26,481.7,0.0,13.98,8.35,6.39,242.5,18.9,true,true,0.358,104.7
2024-07-08,Mid-Atlantic,27,389.78,0.0,12.18,10.08,9.99,118.1,6.0,false,false,0.376,98.6
2024-07-15,Mid-Atlantic,28,402.22,0.0,9.89,6.13,9.71,124.1,4.8,false,false,0.335,102.8
2024-07-22,Mid-Atlantic,29,428.49,0.0,16.28,7.74,5.06,147.8,5.6,false,false,0.285,107.8
2024-07-29,Mid-Atlantic,30,453.97,31.98,10.83,10.13,10.01,147.8,6.0,false,false,0.271,102.4
2024-08-05,Mid-Atlantic,31,446.42,29.68,13.55,7.05,9.44,136.6,4.6,false,false,0.258,107.2
2024-08-12,Mid-Atlantic,32,460.58,29.81,13.06,9.24,7.17,132.0,4.9,false,false,0.321,106.5
2024-08-19,Mid-Atlantic,33,466.39,35.53,8.84,11.82,7.42,139.2,5.7,false,false,0.281,103.7
2024-08-26,Mid-Atlantic,34,438.56,31.53,11.83,10.09,8.1,142.9,5.2,false,false,0.246,96.8
2024-09-02,Mid-Atlantic,35,487.7,25.93,10.7,15.42,9.33,268.2,20.1,true,true,0.306,97.0
2024-09-09,Mid-Atlantic,36,419.5,0.0,9.33,11.55,7.7,121.2,6.2,false,false,0.224,104.0
2024-09-16,Mid-Atlantic,37,442.9,0.0,11.32,8.64,4.85,117.3,5.1,false,false,0.216,101.1
2024-09-23,Mid-Atlantic,38,445.2,0.0,10.75,6.91,8.83,148.5,6.3,false,false,0.246,99.7
2024-09-30,Mid-Atlantic,39,389.92,0.0,10.87,6.88,8.94,150.1,6.1,false,false,0.267,101.3
2024-10-07,Mid-Atlantic,40,444.61,0.0,10.05,9.55,6.44,127.9,4.9,false,false,0.251,102.1
2024-10-14,Mid-Atlantic,41,437.3,0.0,11.69,6.67,4.94,149.1,4.9,false,false,0.241,98.5
2024-10-21,Mid-Atlantic,42,427.23,36.2,11.7,13.86,9.13,125.2,5.5,false,false,0.224,106.7
2024-10-28,Mid-Atlantic,43,468.02,36.96,13.77,8.89,6.64,129.0,3.8,false,false,0.251,113.5
2024-11-04,Mid-Atlantic,44,466.53,35.61,16.18,9.07,6.19,126.4,4.8,false,false,0.206,119.2
2024-11-11,Mid-Atlantic,45,516.75,28.2,16.32,8.68,5.72,146.8,5.6,false,false,0.234,133.2
2024-11-18,Mid-Atlantic,46,515.71,26.48,10.92,11.54,6.18,141.7,4.3,false,false,0.208,133.7
2024-11-25,Mid-Atlantic,47,617.76,36.67,17.99,10.92,7.42,271.7,21.4,true,true,0.254,140.5
2024-12-02,Mid-Atlantic,48,539.77,0.0,20.83,10.06,6.35,138.9,2.8,false,false,0.287,155.9
2024-12-09,Mid-Atlantic,49,511.21,0.0,12.26,7.97,4.64,120.3,5.6,false,false,0.326,127.4
2024-12-16,Mid-Atlantic,50,510.9,0.0,23.67,14.77,6.51,116.7,5.6,false,false,0.236,136.0
2024-12-23,Mid-Atlantic,51,555.09,0.0,20.46,8.86,4.76,252.4,19.4,true,true,0.277,127.1
2024-12-30,Mid-Atlantic,52,475.17,0.0,13.38,14.34,9.1,142.5,4.6,false,false,0.282,115.4
2025-01-06,Mid-Atlantic,53,437.59,0.0,11.7,16.09,9.03,131.8,4.8,false,false,0.302,106.4
2025-01-13,Mid-Atlantic,54,434.75,0.0,14.61,9.26,7.88,124.1,3.8,false,false,0.278,104.1
2025-01-20,Mid-Atlantic,55,422.73,0.0,11.14,10.97,7.63,132.6,5.8,false,false,0.334,102.1
2025-01-27,Mid-Atlantic,56,454.7,28.74,14.94,15.7,6.94,149.8,4.6,false,false,0.308,109.2
2025-02-03,Mid-Atlantic,57,466.35,29.23,13.31,13.24,4.52,142.1,6.5,false,false,0.342,106.2
2025-02-10,Mid-Atlantic,58,466.13,25.66,13.47,15.13,9.14,136.2,5.9,false,false,0.311,109.7
2025-02-17,Mid-Atlantic,59,442.99,28.37,14.21,17.61,8.25,121.5,4.0,false,false,0.32,103.9
2025-02-24,Mid-Atlantic,60,473.44,31.0,12.64,13.01,6.94,127.2,3.2,false,false,0.276,107.0
2025-03-03,Mid-Atlantic,61,515.98,29.07,12.99,18.31,6.94,240.8,20.4,true,false,0.367,105.5
2025-03-10,Mid-Atlantic,62,450.45,0.0,13.55,13.9,9.75,146.2,4.8,false,false,0.35,102.0
2025-03-17,Mid-Atlantic,63,446.86,0.0,13.46,10.35,8.35,128.0,4.8,false,false,0.311,111.5
2025-03-24,Mid-Atlantic,64,468.64,0.0,14.86,11.44,7.2,131.6,4.4,false,false,0.277,109.1
2025-03-31,Mid-Atlantic,65,474.88,0.0,19.16,14.83,5.42,115.8,5.4,false,false,0.362,113.9
2025-04-07,Mid-Atlantic,66,445.95,0.0,8.99,14.35,7.11,131.1,5.4,false,false,0.315,117.3
2025-04-14,Mid-Atlantic,67,479.39,0.0,17.11,10.45,5.25,131.0,4.7,false,false,0.284,122.3
2025-04-21,Mid-Atlantic,68,496.3,29.09,13.26,17.54,8.67,122.5,5.1,false,false,0.341,140.5
2025-04-28,Mid-Atlantic,69,509.13,33.51,20.45,20.16,9.28,118.1,4.9,false,false,0.407,147.5
2025-05-05,Mid-Atlantic,70,510.47,36.11,10.12,8.56,6.89,127.3,6.0,false,false,0.325,134.3
2025-05-12,Mid-Atlantic,71,499.67,31.71,17.0,11.16,6.11,140.9,5.4,false,false,0.375,130.8
2025-05-19,Mid-Atlantic,72,457.98,36.48,14.75,13.21,8.94,144.7,3.9,false,false,0.334,115.0
2025-05-26,Mid-Atlantic,73,561.27,25.82,15.99,9.14,5.94,216.1,19.4,true,true,0.319,117.8
2025-06-02,Mid-Atlantic,74,475.34,0.0,14.55,12.57,5.16,133.6,3.4,false,false,0.303,112.8
2025-06-09,Mid-Atlantic,75,466.12,0.0,11.82,15.27,7.26,140.2,5.4,false,false,0.346,114.1
2025-06-16,Mid-Atlantic,76,421.06,0.0,12.47,15.92,5.32,142.2,4.2,false,false,0.345,104.4
2025-06-23,Mid-Atlantic,77,433.85,0.0,12.3,8.84,7.66,119.2,3.8,false,false,0.288,109.8
2025-06-30,Mid-Atlantic,78,518.95,0.0,11.62,11.0,5.08,210.0,19.5,true,true,0.325,107.3
2025-07-07,Mid-Atlantic,79,420.8,0.0,11.71,10.74,8.39,116.0,5.5,false,false,0.347,104.2
2025-07-14,Mid-Atlantic,80,452.11,0.0,16.52,10.77,4.91,122.7,6.4,false,false,0.28,109.8
2025-07-21,Mid-Atlantic,81,462.36,0.0,11.11,14.47,7.19,127.0,5.6,false,false,0.294,106.1
2025-07-28,Mid-Atlantic,82,480.92,32.01,18.22,19.28,7.04,142.8,6.7,false,false,0.317,109.2
2025-08-04,Mid-Atlantic,83,437.64,32.02,14.93,14.5,4.49,140.1,3.0,false,false,0.254,105.8
2025-08-11,Mid-Atlantic,84,457.05,31.55,14.93,17.52,4.92,121.3,4.6,false,false,0.328,98.3
2025-08-18,Mid-Atlantic,85,470.87,32.62,8.83,19.21,9.85,131.4,5.3,false,false,0.304,101.0
2025-08-25,Mid-Atlantic,86,461.49,29.05,12.7,9.43,5.13,116.3,4.8,false,false,0.314,111.6
2025-09-01,Mid-Atlantic,87,550.76,28.21,14.58,19.88,6.36,241.7,20.9,true,true,0.29,115.9
2025-09-08,Mid-Atlantic,88,482.79,0.0,10.13,14.41,6.33,126.3,6.4,false,false,0.263,108.5
2025-09-15,Mid-Atlantic,89,480.37,0.0,12.2,14.11,5.14,123.8,4.8,false,false,0.243,115.1
2025-09-22,Mid-Atlantic,90,452.92,0.0,12.44,17.62,4.67,122.5,4.7,false,false,0.306,105.9
2025-09-29,Mid-Atlantic,91,460.6,0.0,13.11,14.79,6.11,127.3,4.2,false,false,0.269,99.5
2025-10-06,Mid-Atlantic,92,437.97,0.0,12.18,11.08,7.45,120.1,4.5,false,false,0.272,109.6
2025-10-13,Mid-Atlantic,93,447.69,0.0,12.77,16.54,8.65,120.6,6.2,false,false,0.28,103.9
2025-10-20,Mid-Atlantic,94,462.08,29.19,14.42,14.2,9.15,131.4,5.3,false,false,0.305,111.1
2025-10-27,Mid-Atlantic,95,488.18,35.33,14.37,16.16,9.75,115.9,5.8,false,false,0.226,116.1
2025-11-03,Mid-Atlantic,96,474.84,27.52,10.83,9.72,5.95,141.1,3.7,false,false,0.213,117.3
2025-11-10,Mid-Atlantic,97,528.52,29.34,14.45,17.69,9.95,144.6,3.4,false,false,0.188,131.5
2025-11-17,Mid-Atlantic,98,525.36,32.95,13.92,13.13,6.78,140.2,5.3,false,false,0.246,140.0
2025-11-24,Mid-Atlantic,99,609.42,28.65,11.31,15.43,4.76,204.7,18.7,true,true,0.286,144.0
2025-12-01,Mid-Atlantic,100,586.02,0.0,17.78,9.52,7.18,135.6,4.7,false,false,0.26,164.4
2025-12-08,Mid-Atlantic,101,550.17,0.0,13.53,31.79,4.36,127.4,5.2,false,false,0.232,146.4
2025-12-15,Mid-Atlantic,102,545.43,0.0,11.83,20.05,8.57,130.0,3.5,false,false,0.221,147.9
2025-12-22,Mid-Atlantic,103,593.13,0.0,21.4,10.54,8.86,240.1,19.6,true,true,0.269,139.6
2024-01-01,Southeast,0,379.8,0.0,9.91,13.09,4.84,131.7,4.3,false,false,0.334,96.6
2024-01-08,Southeast,1,362.77,0.0,13.03,13.25,5.2,107.7,4.4,false,false,0.334,98.0
2024-01-15,Southeast,2,381.07,0.0,11.61,6.03,6.67,133.3,6.8,false,false,0.379,101.4
2024-01-22,Southeast,3,350.05,0.0,9.3,9.98,4.89,110.2,3.4,false,false,0.314,97.6
2024-01-29,Southeast,4,406.35,31.34,10.0,9.8,5.13,111.3,4.4,false,false,0.331,104.6
2024-02-05,Southeast,5,402.09,33.36,12.15,7.7,8.11,107.6,5.1,false,false,0.324,100.7
2024-02-12,Southeast,6,412.24,30.71,11.22,12.75,6.5,128.1,3.8,false,false,0.303,101.3
2024-02-19,Southeast,7,423.48,28.87,8.91,5.89,6.34,128.2,3.6,false,false,0.372,97.8
2024-02-26,Southeast,8,412.42,31.9,11.04,8.83,4.26,124.0,3.8,false,false,0.319,100.7
2024-03-04,Southeast,9,435.89,25.79,10.18,7.31,7.34,242.6,21.3,true,false,0.366,106.3
2024-03-11,Southeast,10,397.43,0.0,7.96,9.57,7.07,127.7,6.3,false,false,0.329,102.7
2024-03-18,Southeast,11,399.81,0.0,8.88,9.41,6.28,110.0,5.0,false,false,0.327,100.2
2024-03-25,Southeast,12,403.48,0.0,9.61,5.99,9.04,104.0,6.1,false,false,0.329,107.8
2024-04-01,Southeast,13,456.61,0.0,10.52,9.49,7.49,131.1,5.7,false,false,0.361,110.6
2024-04-08,Southeast,14,397.83,0.0,17.86,9.14,6.21,129.2,5.0,false,false,0.405,114.3
2024-04-15,Southeast,15,434.66,0.0,13.93,9.57,4.73,120.3,5.0,false,false,0.325,126.4
2024-04-22,Southeast,16,445.95,23.84,17.2,9.48,4.75,113.8,3.5,false,false,0.378,139.9
2024-04-29,Southeast,17,465.98,31.24,13.74,9.92,8.04,116.9,4.7,false,false,0.337,134.4
2024-05-06,Southeast,18,466.76,28.84,11.59,10.51,7.97,126.7,3.4,false,false,0.352,135.5
2024-05-13,Southeast,19,439.19,30.15,11.28,9.36,8.37,103.6,6.1,false,false,0.345,125.7
2024-05-20,Southeast,20,459.78,30.7,13.09,8.33,8.49,109.1,4.5,false,false,0.339,119.5
2024-05-27,Southeast,21,492.19,26.93,8.15,6.43,8.05,227.6,18.1,true,true,0.327,106.7
2024-06-03,Southeast,22,381.49,0.0,9.82,9.91,8.53,110.2,2.5,false,false,0.368,106.2
2024-06-10,Southeast,23,426.1,0.0,11.09,10.5,7.64,122.7,5.9,false,false,0.338,105.3
2024-06-17,Southeast,24,438.29,0.0,10.95,8.13,8.05,119.5,4.1,false,false,0.283,110.2
2024-06-24,Southeast,25,399.55,0.0,13.38,14.34,5.56,122.9,4.3,false,false,0.319,99.0
2024-07-01,Southeast,26,457.32,0.0,10.94,12.22,5.89,191.3,18.4,true,true,0.345,96.3
2024-07-08,Southeast,27,402.03,0.0,7.97,8.14,8.66,109.6,6.4,false,false,0.259,97.5
2024-07-15,Southeast,28,397.49,0.0,11.28,6.77,5.28,105.2,4.6,false,false,0.305,101.4
2024-07-22,Southeast,29,399.18,0.0,11.07,5.25,8.98,118.2,5.9,false,false,0.306,97.7
2024-07-29,Southeast,30,401.69,24.13,11.95,7.8,5.72,126.1,6.2,false,false,0.325,104.2
2024-08-05,Southeast,31,452.09,33.91,8.25,7.07,8.73,122.1,5.4,false,false,0.326,104.2
2024-08-12,Southeast,32,409.69,26.78,13.27,8.42,4.11,104.5,4.7,false,false,0.259,100.9
2024-08-19,Southeast,33,455.16,27.41,10.42,11.29,5.49,118.1,6.5,false,false,0.246,108.6
2024-08-26,Southeast,34,420.37,25.84,10.78,8.86,8.64,138.9,6.0,false,false,0.322,106.8
2024-09-02,Southeast,35,483.47,33.91,11.14,10.35,5.77,209.8,20.1,true,true,0.232,97.5
2024-09-09,Southeast,36,404.63,0.0,8.76,14.08,4.06,120.0,6.1,false,false,0.28,102.5
2024-09-16,Southeast,37,453.03,0.0,9.78,9.66,6.68,138.1,7.6,false,false,0.265,99.8
2024-09-23,Southeast,38,397.35,0.0,8.39,8.48,8.71,119.6,4.5,false,false,0.281,97.9
2024-09-30,Southeast,39,436.94,0.0,14.23,9.53,5.7,126.0,5.6,false,false,0.244,110.9
2024-10-07,Southeast,40,419.77,0.0,7.83,11.04,3.97,139.1,6.7,false,false,0.267,103.8
2024-10-14,Southeast,41,426.88,0.0,12.22,9.67,5.74,130.5,6.2,false,false,0.297,108.5
2024-10-21,Southeast,42,431.4,24.44,13.43,9.48,9.12,136.3,5.5,false,false,0.22,111.0
2024-10-28,Southeast,43,467.43,27.22,14.13,6.11,5.54,121.6,3.9,false,false,0.242,120.0
2024-11-04,Southeast,44,466.15,24.12,17.73,7.05,7.57,104.0,4.9,false,false,0.237,117.4
2024-11-11,Southeast,45,492.38,24.79,16.11,7.46,6.36,134.5,3.7,false,false,0.28,140.3
2024-11-18,Southeast,46,484.2,26.75,15.18,11.08,7.73,105.7,4.2,false,false,0.298,141.1
2024-11-25,Southeast,47,594.56,32.88,18.85,9.13,8.85,207.8,20.0,true,true,0.264,146.5
2024-12-02,Southeast,48,510.29,0.0,11.12,13.14,8.05,121.0,4.8,false,false,0.298,151.2
2024-12-09,Southeast,49,522.7,0.0,18.08,8.33,5.06,113.5,5.1,false,false,0.233,144.0
2024-12-16,Southeast,50,516.04,0.0,15.02,7.24,4.16,132.2,6.0,false,false,0.196,138.5
2024-12-23,Southeast,51,523.63,0.0,14.79,15.53,7.82,203.2,20.0,true,true,0.279,121.1
2024-12-30,Southeast,52,438.44,0.0,9.59,13.1,7.64,108.8,5.0,false,false,0.302,113.5
2025-01-06,Southeast,53,428.8,0.0,9.75,10.4,6.18,135.0,6.4,false,false,0.314,107.8
2025-01-13,Southeast,54,419.41,0.0,10.41,12.04,8.9,128.5,3.3,false,false,0.278,106.4
2025-01-20,Southeast,55,430.11,0.0,12.27,12.34,6.72,105.5,3.7,false,false,0.333,102.6
2025-01-27,Southeast,56,433.99,23.4,10.49,10.12,5.63,109.6,4.6,false,false,0.309,106.4
2025-02-03,Southeast,57,445.74,31.61,13.27,12.05,4.86,127.3,5.6,false,false,0.305,105.9
2025-02-10,Southeast,58,433.11,33.8,9.15,14.1,7.93,111.2,5.5,false,false,0.294,109.9
2025-02-17,Southeast,59,450.91,25.78,9.93,13.04,7.57,105.3,4.8,false,false,0.327,103.3
2025-02-24,Southeast,60,471.97,28.06,14.42,10.53,9.18,123.7,5.7,false,false,0.308,114.3
2025-03-03,Southeast,61,469.36,29.64,10.22,13.0,7.79,249.9,18.8,true,false,0.382,105.6
2025-03-10,Southeast,62,435.63,0.0,9.67,9.56,7.68,128.2,5.1,false,false,0.323,106.6
2025-03-17,Southeast,63,422.38,0.0,7.07,18.64,6.52,119.0,4.0,false,false,0.345,102.3
2025-03-24,Southeast,64,420.56,0.0,12.99,6.25,4.86,134.9,5.5,false,false,0.309,110.4
2025-03-31,Southeast,65,436.74,0.0,12.55,12.56,8.77,127.0,4.4,false,false,0.391,114.4
2025-04-07,Southeast,66,449.21,0.0,11.0,10.97,5.92,107.7,5.6,false,false,0.329,118.2
2025-04-14,Southeast,67,462.46,0.0,14.16,11.51,5.94,133.8,4.1,false,false,0.379,119.3
2025-04-21,Southeast,68,516.61,29.42,13.84,16.23,4.67,117.2,6.5,false,false,0.372,137.5
2025-04-28,Southeast,69,525.79,29.03,16.21,11.89,9.08,125.6,5.4,false,false,0.345,140.9
2025-05-05,Southeast,70,506.97,32.28,11.71,17.5,7.27,123.3,6.7,false,false,0.355,137.9
2025-05-12,Southeast,71,534.3,30.42,16.2,25.12,7.29,131.2,5.4,false,false,0.364,140.9
2025-05-19,Southeast,72,521.14,27.51,8.5,14.26,5.77,115.9,5.1,false,false,0.315,130.5
2025-05-26,Southeast,73,542.26,33.87,14.76,16.97,8.27,230.1,21.3,true,true,0.356,117.9
2025-06-02,Southeast,74,449.95,0.0,11.13,24.53,4.26,104.4,4.8,false,false,0.352,108.4
2025-06-09,Southeast,75,428.13,0.0,15.64,13.34,8.31,109.6,2.5,false,false,0.354,111.8
2025-06-16,Southeast,76,436.11,0.0,9.66,12.1,7.76,115.3,5.1,false,false,0.348,106.1
2025-06-23,Southeast,77,435.16,0.0,13.31,10.3,6.5,134.4,4.4,false,false,0.336,107.7
2025-06-30,Southeast,78,497.8,0.0,11.16,13.12,5.66,185.9,20.6,true,true,0.327,110.8
2025-07-07,Southeast,79,456.54,0.0,14.17,17.78,8.89,119.5,5.1,false,false,0.295,111.6
2025-07-14,Southeast,80,407.42,0.0,9.46,10.75,7.05,136.0,3.6,false,false,0.345,107.4
2025-07-21,Southeast,81,435.69,0.0,18.75,14.4,5.73,112.3,5.1,false,false,0.353,112.5
2025-07-28,Southeast,82,405.59,28.46,10.71,9.5,7.39,109.7,3.3,false,false,0.354,105.7
2025-08-04,Southeast,83,445.24,23.43,9.91,13.45,3.98,126.2,6.0,false,false,0.305,109.4
2025-08-11,Southeast,84,423.18,28.05,9.05,7.72,7.45,131.3,3.6,false,false,0.329,100.8
2025-08-18,Southeast,85,459.19,33.14,12.25,15.61,5.66,128.6,5.4,false,false,0.345,106.0
2025-08-25,Southeast,86,452.83,25.35,10.19,10.26,4.7,110.8,5.7,false,false,0.254,107.4
2025-09-01,Southeast,87,503.91,27.46,10.41,12.25,8.33,221.9,21.9,true,true,0.296,105.0
2025-09-08,Southeast,88,455.07,0.0,10.17,9.46,6.12,127.9,5.8,false,false,0.258,113.1
2025-09-15,Southeast,89,420.55,0.0,12.17,13.57,9.2,110.2,4.4,false,false,0.305,110.4
2025-09-22,Southeast,90,445.16,0.0,9.76,13.64,7.79,108.0,4.4,false,false,0.257,101.3
2025-09-29,Southeast,91,463.28,0.0,11.43,13.75,5.16,116.4,4.4,false,false,0.251,107.1
2025-10-06,Southeast,92,452.09,0.0,10.63,10.25,8.2,111.7,3.6,false,false,0.273,113.6
2025-10-13,Southeast,93,449.57,0.0,13.03,18.6,5.83,122.2,4.2,false,false,0.261,113.9
2025-10-20,Southeast,94,437.55,32.78,9.37,12.55,7.63,103.9,2.6,false,false,0.315,113.3
2025-10-27,Southeast,95,454.34,32.29,10.51,11.63,6.41,129.0,5.4,false,false,0.246,116.5
2025-11-03,Southeast,96,487.41,29.0,10.33,12.28,8.53,108.0,6.2,false,false,0.264,122.8
2025-11-10,Southeast,97,529.12,29.7,18.52,11.1,7.24,126.0,5.0,false,false,0.275,141.6
2025-11-17,Southeast,98,529.77,33.19,13.28,12.67,6.73,105.5,5.0,false,false,0.259,145.5
2025-11-24,Southeast,99,581.36,30.94,12.28,14.69,7.97,250.2,21.0,true,true,0.264,146.2
2025-12-01,Southeast,100,538.49,0.0,12.57,12.1,7.99,111.8,5.0,false,false,0.259,156.4
2025-12-08,Southeast,101,517.21,0.0,17.83,11.48,4.45,116.2,4.4,false,false,0.238,146.0
2025-12-15,Southeast,102,521.88,0.0,16.92,9.89,8.09,110.8,4.5,false,false,0.282,146.7
2025-12-22,Southeast,103,587.19,0.0,17.16,11.37,4.49,229.6,18.5,true,true,0.254,130.2
2024-01-01,Midwest,0,362.69,0.0,10.82,5.61,7.46,116.6,3.6,false,false,0.285,102.5
2024-01-08,Midwest,1,356.64,0.0,12.35,5.65,7.62,114.4,4.6,false,false,0.333,100.5
2024-01-15,Midwest,2,368.92,0.0,9.32,9.34,7.98,124.6,1.6,false,false,0.343,101.3
2024-01-22,Midwest,3,375.2,0.0,13.58,9.36,7.68,111.9,5.1,false,false,0.338,100.0
2024-01-29,Midwest,4,389.27,28.77,10.24,8.02,6.73,99.5,5.0,false,false,0.267,104.7
2024-02-05,Midwest,5,364.14,21.09,8.04,5.73,6.4,100.4,4.2,false,false,0.325,102.9
2024-02-12,Midwest,6,364.21,25.15,13.51,7.17,4.13,95.8,3.8,false,false,0.369,102.8
2024-02-19,Midwest,7,391.3,30.84,8.82,7.29,7.04,122.8,4.7,false,false,0.338,105.0
2024-02-26,Midwest,8,366.51,30.73,10.77,8.66,6.38,120.7,4.3,false,false,0.402,99.9
2024-03-04,Midwest,9,441.92,25.33,11.91,6.64,4.75,215.7,20.2,true,false,0.396,106.7
2024-03-11,Midwest,10,395.28,0.0,9.9,13.63,3.97,103.1,3.7,false,false,0.334,104.0
2024-03-18,Midwest,11,380.68,0.0,9.31,5.14,5.94,117.9,3.7,false,false,0.387,100.4
2024-03-25,Midwest,12,377.39,0.0,9.51,9.16,4.15,112.5,6.4,false,false,0.37,101.2
2024-04-01,Midwest,13,394.85,0.0,9.02,13.54,7.77,120.1,6.5,false,false,0.365,103.3
2024-04-08,Midwest,14,396.31,0.0,16.88,8.77,3.89,94.6,5.8,false,false,0.36,114.6
2024-04-15,Midwest,15,448.65,0.0,12.82,10.86,7.52,96.9,4.3,false,false,0.332,128.2
2024-04-22,Midwest,16,476.08,24.34,11.64,10.08,7.37,114.1,5.8,false,false,0.311,134.3
2024-04-29,Midwest,17,499.22,22.7,14.17,7.07,4.07,118.3,4.4,false,false,0.366,136.6
2024-05-06,Midwest,18,447.95,21.42,14.51,8.68,6.5,111.4,4.0,false,false,0.327,132.9
2024-05-13,Midwest,19,442.12,30.22,18.72,6.27,5.19,98.8,4.6,false,false,0.317,125.0
2024-05-20,Midwest,20,434.36,23.5,8.98,8.96,5.27,105.2,3.1,false,false,0.301,123.2
2024-05-27,Midwest,21,479.58,25.61,11.08,9.02,4.12,180.0,20.9,true,true,0.304,117.7
2024-06-03,Midwest,22,401.11,0.0,8.72,9.64,6.16,121.3,4.6,false,false,0.368,108.2
2024-06-10,Midwest,23,396.13,0.0,10.33,14.94,6.19,115.0,4.2,false,false,0.332,103.0
2024-06-17,Midwest,24,389.46,0.0,8.56,9.88,4.05,95.2,3.4,false,false,0.373,101.2
2024-06-24,Midwest,25,395.44,0.0,9.91,9.27,7.25,119.6,6.1,false,false,0.279,97.6
2024-07-01,Midwest,26,454.04,0.0,8.28,6.27,5.4,217.2,19.3,true,true,0.286,100.9
2024-07-08,Midwest,27,393.6,0.0,12.3,8.25,5.68,94.4,5.5,false,false,0.299,103.8
2024-07-15,Midwest,28,395.42,0.0,12.21,12.46,8.33,110.5,3.9,false,false,0.278,102.0
2024-07-22,Midwest,29,404.76,0.0,8.89,10.75,4.69,110.8,6.2,false,false,0.32,106.7
2024-07-29,Midwest,30,385.43,22.52,13.43,8.21,4.71,98.4,4.7,false,false,0.28,106.0
2024-08-05,Midwest,31,396.78,28.08,7.79,9.44,7.0,95.0,4.8,false,false,0.202,101.7
2024-08-12,Midwest,32,427.83,30.02,13.92,9.04,8.27,102.2,7.6,false,false,0.259,101.2
2024-08-19,Midwest,33,427.36,25.45,10.95,6.61,8.23,119.0,5.4,false,false,0.303,104.5
2024-08-26,Midwest,34,399.19,25.27,8.17,8.09,3.68,100.1,5.9,false,false,0.254,101.0
2024-09-02,Midwest,35,480.43,23.34,10.98,9.41,7.76,196.3,18.8,true,true,0.245,101.5
2024-09-09,Midwest,36,413.78,0.0,8.51,5.45,3.96,103.8,4.7,false,false,0.243,106.4
2024-09-16,Midwest,37,389.36,0.0,8.63,10.38,5.83,98.5,5.3,false,false,0.297,102.6
2024-09-23,Midwest,38,385.76,0.0,8.62,10.1,5.84,105.5,4.7,false,false,0.238,100.7
2024-09-30,Midwest,39,389.82,0.0,10.18,9.27,8.01,123.9,3.3,false,false,0.264,98.1
2024-10-07,Midwest,40,414.81,0.0,8.16,10.03,4.4,125.1,5.2,false,false,0.245,103.2
2024-10-14,Midwest,41,412.1,0.0,10.94,9.44,7.74,122.9,4.7,false,false,0.205,109.1
2024-10-21,Midwest,42,402.12,26.54,10.94,3.94,5.54,100.5,3.7,false,false,0.281,110.3
2024-10-28,Midwest,43,411.55,31.17,9.68,7.75,7.57,99.6,4.7,false,false,0.262,105.7
2024-11-04,Midwest,44,466.76,26.82,8.79,7.47,3.92,105.3,5.3,false,false,0.235,126.0
2024-11-11,Midwest,45,465.39,24.97,10.5,7.25,5.99,110.1,4.8,false,false,0.277,130.3
2024-11-18,Midwest,46,468.67,23.85,14.03,8.86,4.29,115.5,6.8,false,false,0.257,141.4
2024-11-25,Midwest,47,555.51,26.12,14.41,5.97,4.06,199.2,20.5,true,true,0.254,144.3
2024-12-02,Midwest,48,508.32,0.0,12.12,12.86,5.36,99.7,4.9,false,false,0.244,144.4
2024-12-09,Midwest,49,514.75,0.0,13.98,6.33,7.41,108.5,5.2,false,false,0.226,156.7
2024-12-16,Midwest,50,477.13,0.0,15.47,6.71,6.92,114.9,4.0,false,false,0.291,137.8
2024-12-23,Midwest,51,514.99,0.0,10.79,12.75,5.08,188.0,20.0,true,true,0.298,127.4
2024-12-30,Midwest,52,401.32,0.0,11.24,11.89,7.8,99.1,5.1,false,false,0.244,113.5
2025-01-06,Midwest,53,411.07,0.0,10.31,16.04,5.08,104.5,3.8,false,false,0.278,104.8
2025-01-13,Midwest,54,412.75,0.0,9.86,8.36,4.53,110.7,4.9,false,false,0.28,108.9
2025-01-20,Midwest,55,395.27,0.0,9.17,13.76,4.01,117.6,4.8,false,false,0.278,105.7
2025-01-27,Midwest,56,413.58,21.3,7.96,8.39,5.32,121.2,5.2,false,false,0.268,105.8
2025-02-03,Midwest,57,414.26,29.15,12.06,10.82,6.44,123.4,4.5,false,false,0.226,112.6
2025-02-10,Midwest,58,419.37,21.08,10.91,8.27,4.11,102.2,5.1,false,false,0.322,106.1
2025-02-17,Midwest,59,429.25,25.08,11.43,10.6,4.42,100.9,5.0,false,false,0.24,110.7
2025-02-24,Midwest,60,443.88,28.97,10.66,14.15,6.43,120.8,5.0,false,false,0.324,107.6
2025-03-03,Midwest,61,438.31,26.4,11.4,13.57,6.63,186.4,19.9,true,false,0.318,98.2
2025-03-10,Midwest,62,419.08,0.0,8.41,11.52,5.82,122.0,4.2,false,false,0.272,108.7
2025-03-17,Midwest,63,422.8,0.0,10.22,10.9,7.35,106.1,5.8,false,false,0.314,100.1
2025-03-24,Midwest,64,428.67,0.0,13.59,8.64,7.59,96.0,6.3,false,false,0.357,111.4
2025-03-31,Midwest,65,468.8,0.0,10.28,19.45,5.51,111.7,6.0,false,false,0.34,117.7
2025-04-07,Midwest,66,434.89,0.0,11.06,14.78,4.44,99.1,6.3,false,false,0.302,112.8
2025-04-14,Midwest,67,437.89,0.0,9.83,13.96,7.61,117.9,6.1,false,false,0.376,126.6
2025-04-21,Midwest,68,483.91,30.97,11.81,12.92,5.53,96.3,6.8,false,false,0.313,135.0
2025-04-28,Midwest,69,511.25,22.4,13.95,7.13,6.69,104.4,5.7,false,false,0.339,152.2
2025-05-05,Midwest,70,533.3,23.43,16.75,14.07,6.87,110.9,6.1,false,false,0.329,146.8
2025-05-12,Midwest,71,482.68,29.87,11.72,10.4,4.51,112.5,5.5,false,false,0.338,132.0
2025-05-19,Midwest,72,475.04,28.58,10.81,11.91,6.94,119.6,4.6,false,false,0.321,123.3
2025-05-26,Midwest,73,486.75,21.32,10.56,7.74,7.07,176.1,20.4,true,true,0.348,111.1
2025-06-02,Midwest,74,425.24,0.0,8.46,13.31,6.23,123.6,6.2,false,false,0.349,113.5
2025-06-09,Midwest,75,440.15,0.0,13.23,11.87,7.14,125.3,6.3,false,false,0.342,108.9
2025-06-16,Midwest,76,453.32,0.0,12.69,7.26,6.57,110.0,7.2,false,false,0.321,117.6
2025-06-23,Midwest,77,396.59,0.0,8.91,11.32,7.12,102.1,7.2,false,false,0.428,102.9
2025-06-30,Midwest,78,496.01,0.0,8.54,12.32,7.43,221.4,18.0,true,true,0.287,112.4
2025-07-07,Midwest,79,417.69,0.0,12.32,15.24,8.16,110.6,5.8,false,false,0.36,106.1
2025-07-14,Midwest,80,425.26,0.0,12.24,8.77,6.28,109.8,4.4,false,false,0.285,110.8
2025-07-21,Midwest,81,418.3,0.0,15.34,13.15,4.67,122.7,4.4,false,false,0.335,109.8
2025-07-28,Midwest,82,437.51,21.01,12.75,12.96,5.86,124.2,4.9,false,false,0.364,107.5
2025-08-04,Midwest,83,404.96,26.32,10.96,12.95,7.45,95.3,3.7,false,false,0.269,111.5
2025-08-11,Midwest,84,422.47,24.78,8.46,17.26,7.68,114.6,3.1,false,false,0.32,103.9
2025-08-18,Midwest,85,440.94,26.02,10.03,11.5,7.42,110.5,5.2,false,false,0.268,110.5
2025-08-25,Midwest,86,427.49,28.86,8.95,12.54,4.92,107.3,5.1,false,false,0.291,99.9
2025-09-01,Midwest,87,522.36,22.13,10.86,13.06,6.74,182.7,19.7,true,true,0.271,108.9
2025-09-08,Midwest,88,436.53,0.0,8.7,12.03,7.64,122.5,2.9,false,false,0.282,104.7
2025-09-15,Midwest,89,422.36,0.0,9.32,9.58,6.33,126.1,3.5,false,false,0.279,106.0
2025-09-22,Midwest,90,456.32,0.0,11.2,11.11,7.21,118.7,3.4,false,false,0.237,105.2
2025-09-29,Midwest,91,452.01,0.0,14.67,16.95,3.77,117.4,5.4,false,false,0.228,106.7
2025-10-06,Midwest,92,435.13,0.0,13.38,9.54,4.82,120.3,5.4,false,false,0.263,110.7
2025-10-13,Midwest,93,430.93,0.0,10.57,7.87,7.4,113.1,7.1,false,false,0.266,107.9
2025-10-20,Midwest,94,434.5,26.03,10.92,12.96,6.01,126.4,6.6,false,false,0.305,107.9
2025-10-27,Midwest,95,473.81,30.92,9.76,8.56,6.43,120.9,6.7,false,false,0.226,119.2
2025-11-03,Midwest,96,480.36,26.87,12.8,12.57,7.31,95.6,8.0,false,false,0.244,124.9
2025-11-10,Midwest,97,495.8,27.48,16.73,8.35,6.41,116.8,2.8,false,false,0.255,125.2
2025-11-17,Midwest,98,494.5,30.31,12.19,11.95,4.99,103.4,5.9,false,false,0.253,137.9
2025-11-24,Midwest,99,594.4,21.36,12.7,10.87,5.36,213.3,21.0,true,true,0.198,146.1
2025-12-01,Midwest,100,535.39,0.0,11.77,13.81,5.18,117.0,5.0,false,false,0.199,156.8
2025-12-08,Midwest,101,514.9,0.0,11.87,15.03,7.6,94.9,4.2,false,false,0.212,153.6
2025-12-15,Midwest,102,490.45,0.0,17.17,10.4,7.08,102.4,3.4,false,false,0.232,141.7
2025-12-22,Midwest,103,525.67,0.0,10.25,24.08,4.75,216.8,20.3,true,true,0.257,129.1
2024-01-01,South Central,0,342.9,0.0,8.2,6.77,5.03,104.0,4.5,false,false,0.267,100.9
2024-01-08,South Central,1,321.84,0.0,7.99,6.38,6.65,102.7,5.7,false,false,0.268,98.2
2024-01-15,South Central,2,323.86,0.0,8.75,5.04,5.92,112.9,5.4,false,false,0.341,90.9
2024-01-22,South Central,3,367.23,0.0,10.46,5.8,6.68,91.6,6.5,false,false,0.276,99.3
2024-01-29,South Central,4,353.22,24.29,9.39,8.47,4.03,91.9,5.0,false,false,0.385,101.7
2024-02-05,South Central,5,349.91,20.67,9.92,9.07,5.4,100.1,5.0,false,false,0.355,98.8
2024-02-12,South Central,6,362.04,19.36,6.98,7.2,6.68,106.8,3.8,false,false,0.331,100.2
2024-02-19,South Central,7,415.56,23.67,13.57,6.99,7.38,86.4,4.7,false,false,0.344,108.4
2024-02-26,South Central,8,372.84,25.65,9.85,8.8,3.67,98.6,3.1,false,false,0.325,101.1
2024-03-04,South Central,9,410.83,22.53,9.4,8.22,7.22,186.8,18.9,true,false,0.32,99.7
2024-03-11,South Central,10,386.96,0.0,8.29,12.04,3.5,106.9,5.8,false,false,0.351,100.9
2024-03-18,South Central,11,346.79,0.0,6.73,5.79,4.48,85.9,3.9,false,false,0.327,93.4
2024-03-25,South Central,12,366.24,0.0,8.04,7.56,4.75,112.7,7.5,false,false,0.386,109.1
2024-04-01,South Central,13,360.36,0.0,12.12,10.56,3.82,105.8,7.9,false,false,0.35,108.8
2024-04-08,South Central,14,421.15,0.0,9.76,5.27,4.9,90.1,4.2,false,false,0.344,126.5
2024-04-15,South Central,15,410.23,0.0,8.53,5.61,6.53,104.5,5.1,false,false,0.326,125.3
2024-04-22,South Central,16,415.1,23.81,10.56,5.33,4.77,96.2,4.0,false,false,0.354,125.5
2024-04-29,South Central,17,457.76,21.29,11.09,7.21,4.49,91.9,5.9,false,false,0.393,136.8
2024-05-06,South Central,18,432.87,24.42,10.62,8.7,6.69,103.4,4.3,false,false,0.371,138.3
2024-05-13,South Central,19,397.91,25.54,10.71,6.11,6.51,85.8,4.3,false,false,0.407,128.3
2024-05-20,South Central,20,375.34,20.05,8.9,7.02,5.98,92.6,4.4,false,false,0.34,109.1
2024-05-27,South Central,21,440.94,23.64,8.9,7.11,3.7,153.5,19.2,true,true,0.337,102.0
2024-06-03,South Central,22,402.52,0.0,8.08,8.56,4.34,108.5,5.7,false,false,0.336,106.2
2024-06-10,South Central,23,370.43,0.0,9.0,6.76,6.99,98.2,1.9,false,false,0.316,99.6
2024-06-17,South Central,24,362.98,0.0,8.09,5.58,5.37,111.8,6.1,false,false,0.374,102.4
2024-06-24,South Central,25,341.95,0.0,10.87,4.89,4.69,96.4,3.5,false,false,0.305,100.4
2024-07-01,South Central,26,450.07,0.0,6.06,6.29,7.34,154.4,22.1,true,true,0.286,100.8
2024-07-08,South Central,27,358.69,0.0,7.46,9.85,4.45,109.0,6.0,false,false,0.337,99.1
2024-07-15,South Central,28,368.26,0.0,10.84,6.4,5.53,98.6,5.7,false,false,0.277,100.9
2024-07-22,South Central,29,373.94,0.0,8.68,12.87,7.21,94.2,4.7,false,false,0.223,103.5
2024-07-29,South Central,30,370.06,23.38,9.68,7.26,5.55,107.8,4.5,false,false,0.266,100.8
2024-08-05,South Central,31,384.18,26.85,6.51,10.82,3.97,92.7,5.5,false,false,0.294,104.4
2024-08-12,South Central,32,378.78,19.87,7.79,5.11,3.79,100.0,3.9,false,false,0.31,104.3
2024-08-19,South Central,33,402.18,24.03,10.7,6.54,4.28,110.0,6.0,false,false,0.309,103.6
2024-08-26,South Central,34,393.61,25.15,8.13,10.43,5.1,113.2,5.8,false,false,0.245,100.0
2024-09-02,South Central,35,451.85,27.71,8.64,7.93,5.19,166.5,21.3,true,true,0.275,98.0
2024-09-09,South Central,36,384.73,0.0,7.22,8.5,5.51,105.9,4.3,false,false,0.239,104.9
2024-09-16,South Central,37,371.14,0.0,11.52,9.31,3.7,88.3,7.5,false,false,0.279,97.5
2024-09-23,South Central,38,416.34,0.0,9.86,5.06,4.03,86.6,6.6,false,false,0.263,107.5
2024-09-30,South Central,39,402.8,0.0,9.41,8.17,4.93,87.9,4.3,false,false,0.214,111.1
2024-10-07,South Central,40,368.89,0.0,9.54,5.65,6.43,111.8,3.5,false,false,0.284,107.0
2024-10-14,South Central,41,375.18,0.0,10.82,10.05,6.63,103.2,4.4,false,false,0.272,104.5
2024-10-21,South Central,42,424.26,23.54,6.48,8.37,3.63,90.9,4.7,false,false,0.293,108.4
2024-10-28,South Central,43,442.76,23.84,11.86,5.53,4.72,91.8,6.6,false,false,0.274,115.7
2024-11-04,South Central,44,432.88,21.76,7.28,13.52,6.92,88.1,4.7,false,false,0.221,124.6
2024-11-11,South Central,45,455.88,27.91,11.65,7.98,3.76,85.1,5.9,false,false,0.261,128.6
2024-11-18,South Central,46,459.39,21.08,11.32,7.29,5.13,100.6,6.1,false,false,0.267,139.1
2024-11-25,South Central,47,581.06,25.68,17.67,5.85,6.78,176.9,18.7,true,true,0.284,154.9
2024-12-02,South Central,48,495.27,0.0,14.11,7.24,6.01,112.8,4.3,false,false,0.301,149.8
2024-12-09,South Central,49,446.56,0.0,8.94,7.59,5.46,107.8,4.9,false,false,0.268,134.5
2024-12-16,South Central,50,448.36,0.0,11.7,7.68,3.68,109.4,6.2,false,false,0.273,132.0
2024-12-23,South Central,51,493.58,0.0,12.35,7.31,6.15,161.4,20.3,true,true,0.332,126.2
2024-12-30,South Central,52,407.59,0.0,14.14,6.61,4.76,109.0,6.0,false,false,0.285,119.4
2025-01-06,South Central,53,376.28,0.0,9.56,14.54,4.26,101.0,6.1,false,false,0.296,103.8
2025-01-13,South Central,54,384.6,0.0,12.77,12.65,4.15,88.6,5.4,false,false,0.32,98.1
2025-01-20,South Central,55,404.67,0.0,10.28,12.33,7.2,84.9,7.0,false,false,0.267,107.1
2025-01-27,South Central,56,392.25,20.43,8.09,10.12,5.79,87.5,5.0,false,false,0.333,100.1
2025-02-03,South Central,57,385.98,20.24,8.84,10.79,7.34,85.5,5.8,false,false,0.369,103.4
2025-02-10,South Central,58,377.38,18.88,7.69,8.35,3.47,84.3,5.7,false,false,0.315,102.9
2025-02-17,South Central,59,396.04,20.81,10.11,9.37,4.17,106.9,6.1,false,false,0.403,100.9
2025-02-24,South Central,60,390.73,23.57,9.73,12.24,3.53,111.2,5.6,false,false,0.31,104.6
2025-03-03,South Central,61,412.23,24.0,8.37,12.18,4.49,177.0,18.8,true,false,0.398,100.6
2025-03-10,South Central,62,414.31,0.0,9.48,9.98,6.23,102.0,3.9,false,false,0.352,110.3
2025-03-17,South Central,63,384.98,0.0,7.05,7.48,6.98,85.2,4.9,false,false,0.273,105.6
2025-03-24,South Central,64,409.64,0.0,10.58,9.31,4.06,87.2,3.0,false,false,0.282,109.6
2025-03-31,South Central,65,388.47,0.0,10.7,8.51,4.3,87.8,4.5,false,false,0.387,108.0
2025-04-07,South Central,66,424.76,0.0,8.98,11.21,4.0,109.4,4.6,false,false,0.327,126.1
2025-04-14,South Central,67,434.72,0.0,11.29,11.06,7.06,94.7,4.2,false,false,0.336,134.4
2025-04-21,South Central,68,437.67,18.95,10.82,11.75,4.25,86.6,5.3,false,false,0.376,132.4
2025-04-28,South Central,69,463.04,26.57,9.27,9.32,5.27,102.4,4.7,false,false,0.347,139.2
2025-05-05,South Central,70,493.13,23.5,11.51,9.58,3.4,100.9,6.1,false,false,0.315,133.3
2025-05-12,South Central,71,455.91,21.12,15.85,11.52,4.31,86.8,6.3,false,false,0.34,131.8
2025-05-19,South Central,72,438.75,19.62,11.05,11.46,6.97,85.8,4.5,false,false,0.335,123.5
2025-05-26,South Central,73,503.66,22.96,7.68,8.54,6.17,193.6,20.4,true,true,0.334,115.4
2025-06-02,South Central,74,398.96,0.0,10.17,6.23,5.71,92.7,6.2,false,false,0.385,107.3
2025-06-09,South Central,75,412.29,0.0,9.79,12.62,6.48,96.8,4.4,false,false,0.423,111.8
2025-06-16,South Central,76,388.39,0.0,7.86,8.42,4.3,86.0,4.1,false,false,0.378,104.4
2025-06-23,South Central,77,410.3,0.0,10.42,11.85,3.62,109.1,5.8,false,false,0.352,112.1
2025-06-30,South Central,78,455.96,0.0,9.93,13.03,5.72,175.1,20.1,true,true,0.357,110.6
2025-07-07,South Central,79,415.3,0.0,9.97,11.83,5.76,91.6,5.2,false,false,0.306,101.7
2025-07-14,South Central,80,404.58,0.0,10.25,13.87,3.82,101.2,8.2,false,false,0.287,100.1
2025-07-21,South Central,81,384.26,0.0,15.74,16.07,6.75,102.6,5.3,false,false,0.281,106.3
2025-07-28,South Central,82,464.55,25.29,10.61,8.75,7.42,88.1,5.6,false,false,0.282,114.3
2025-08-04,South Central,83,425.44,26.09,11.49,9.73,4.75,102.1,5.6,false,false,0.275,106.3
2025-08-11,South Central,84,423.94,19.38,12.24,9.76,4.33,97.7,4.2,false,false,0.353,111.4
2025-08-18,South Central,85,436.44,24.32,8.91,9.05,4.74,112.5,5.3,false,false,0.358,108.8
2025-08-25,South Central,86,435.22,21.74,7.41,6.16,6.07,84.3,5.3,false,false,0.332,115.6
2025-09-01,South Central,87,456.11,22.63,7.97,8.58,6.05,157.0,19.1,true,true,0.291,100.6
2025-09-08,South Central,88,431.35,0.0,9.72,13.67,5.17,87.6,4.2,false,false,0.282,105.9
2025-09-15,South Central,89,431.35,0.0,9.8,13.25,5.75,107.6,5.4,false,false,0.271,104.1
2025-09-22,South Central,90,433.77,0.0,10.53,6.76,4.55,110.1,4.9,false,false,0.314,110.9
2025-09-29,South Central,91,434.6,0.0,8.62,12.36,4.07,112.3,4.3,false,false,0.268,108.3
2025-10-06,South Central,92,407.57,0.0,6.1,12.16,5.77,96.8,4.1,false,false,0.275,106.3
2025-10-13,South Central,93,401.73,0.0,8.55,12.16,5.79,105.3,5.1,false,false,0.305,100.4
2025-10-20,South Central,94,421.28,20.13,6.5,12.4,6.95,87.0,5.1,false,false,0.233,101.3
2025-10-27,South Central,95,421.33,25.21,8.35,8.61,4.15,98.3,5.0,false,false,0.261,118.8
2025-11-03,South Central,96,473.54,27.35,12.4,9.45,4.41,106.7,6.2,false,false,0.225,129.1
2025-11-10,South Central,97,477.73,24.69,12.98,11.58,6.71,90.7,5.4,false,false,0.255,134.6
2025-11-17,South Central,98,510.21,18.8,14.47,13.06,4.45,85.0,5.0,false,false,0.248,143.9
2025-11-24,South Central,99,565.75,21.43,12.54,10.08,5.24,173.8,20.3,true,true,0.253,148.1
2025-12-01,South Central,100,521.06,0.0,14.14,8.9,7.51,113.4,4.8,false,false,0.225,157.2
2025-12-08,South Central,101,504.99,0.0,15.4,8.86,7.07,96.6,4.9,false,false,0.23,143.8
2025-12-15,South Central,102,520.36,0.0,14.2,11.74,7.04,105.9,6.7,false,false,0.254,147.0
2025-12-22,South Central,103,545.27,0.0,8.27,9.86,3.79,168.4,19.9,true,true,0.261,136.7
2024-01-01,Mountain,0,305.04,0.0,6.8,5.67,4.98,56.6,6.3,false,false,0.309,104.4
2024-01-08,Mountain,1,305.61,0.0,7.06,5.16,3.37,75.4,6.4,false,false,0.278,99.0
2024-01-15,Mountain,2,306.8,0.0,6.84,3.15,2.6,73.0,6.4,false,false,0.281,102.4
2024-01-22,Mountain,3,290.19,0.0,7.25,4.24,2.52,62.6,4.4,false,false,0.304,97.2
2024-01-29,Mountain,4,316.81,18.44,5.23,4.54,3.38,60.6,5.1,false,false,0.385,101.7
2024-02-05,Mountain,5,330.82,12.74,6.01,5.88,3.13,74.6,4.6,false,false,0.322,104.7
2024-02-12,Mountain,6,337.46,16.79,5.4,3.99,3.22,63.7,4.9,false,false,0.296,97.2
2024-02-19,Mountain,7,308.4,12.79,6.55,4.22,4.01,56.7,6.6,false,false,0.334,102.0
2024-02-26,Mountain,8,355.44,12.91,5.92,5.08,3.76,62.1,3.1,false,false,0.321,109.1
2024-03-04,Mountain,9,336.66,15.84,5.37,6.8,4.36,110.4,20.7,true,false,0.349,98.4
2024-03-11,Mountain,10,299.51,0.0,5.56,8.77,4.08,72.4,4.0,false,false,0.372,100.4
2024-03-18,Mountain,11,306.83,0.0,5.56,5.0,3.3,73.1,5.4,false,false,0.36,99.7
2024-03-25,Mountain,12,281.29,0.0,5.7,5.52,2.21,67.4,4.8,false,false,0.383,106.3
2024-04-01,Mountain,13,342.66,0.0,7.18,4.44,3.1,63.5,3.6,false,false,0.303,113.4
2024-04-08,Mountain,14,354.33,0.0,7.94,6.46,3.2,56.8,5.1,false,false,0.366,119.0
2024-04-15,Mountain,15,346.74,0.0,5.63,4.49,3.85,61.4,5.3,false,false,0.357,119.2
2024-04-22,Mountain,16,374.66,17.77,7.95,5.51,3.67,75.2,5.0,false,false,0.336,131.7
2024-04-29,Mountain,17,406.29,15.31,9.67,3.36,3.01,74.5,4.7,false,false,0.373,149.3
2024-05-06,Mountain,18,380.19,12.84,9.56,4.67,3.33,60.2,5.9,false,false,0.339,135.8
2024-05-13,Mountain,19,358.64,17.16,5.36,7.79,4.33,59.9,5.8,false,false,0.347,125.2
2024-05-20,Mountain,20,365.68,16.73,6.03,3.96,4.41,62.1,5.0,false,false,0.316,124.0
2024-05-27,Mountain,21,388.94,13.64,4.67,8.99,2.27,128.3,21.3,true,true,0.326,104.6
2024-06-03,Mountain,22,323.14,0.0,7.05,7.83,4.44,56.9,4.6,false,false,0.295,107.0
2024-06-10,Mountain,23,319.58,0.0,3.92,2.78,4.65,57.7,4.3,false,false,0.334,98.8
2024-06-17,Mountain,24,313.78,0.0,5.61,5.16,2.4,74.8,2.4,false,false,0.322,102.9
2024-06-24,Mountain,25,299.66,0.0,4.62,4.26,3.39,60.3,5.0,false,false,0.316,101.7
2024-07-01,Mountain,26,404.54,0.0,6.62,7.09,2.67,127.5,19.3,true,true,0.358,109.7
2024-07-08,Mountain,27,341.51,0.0,6.17,4.08,4.99,65.9,3.4,false,false,0.269,99.9
2024-07-15,Mountain,28,342.5,0.0,6.54,6.01,3.55,62.1,4.0,false,false,0.288,107.2
2024-07-22,Mountain,29,307.52,0.0,7.57,5.62,3.33,59.7,2.6,false,false,0.254,101.3
2024-07-29,Mountain,30,312.63,18.7,4.95,3.83,3.54,56.2,4.1,false,false,0.327,101.0
2024-08-05,Mountain,31,314.88,16.88,4.71,6.65,5.01,69.4,6.6,false,false,0.265,101.5
2024-08-12,Mountain,32,299.05,16.72,4.86,4.98,3.13,75.1,6.0,false,false,0.344,101.7
2024-08-19,Mountain,33,341.57,15.61,6.41,7.44,4.1,58.8,4.6,false,false,0.258,105.2
2024-08-26,Mountain,34,341.6,16.15,5.04,3.01,2.69,64.4,5.3,false,false,0.314,105.7
2024-09-02,Mountain,35,397.09,13.95,5.43,6.21,3.75,105.1,20.2,true,true,0.242,105.0
2024-09-09,Mountain,36,314.1,0.0,5.56,4.86,3.5,65.5,3.8,false,false,0.283,101.0
2024-09-16,Mountain,37,320.06,0.0,5.42,5.33,3.18,59.8,5.7,false,false,0.301,99.5
2024-09-23,Mountain,38,319.53,0.0,4.36,4.17,4.6,58.1,4.7,false,false,0.207,99.6
2024-09-30,Mountain,39,343.48,0.0,7.41,5.32,4.86,68.9,5.5,false,false,0.189,106.1
2024-10-07,Mountain,40,327.61,0.0,6.15,6.49,3.7,63.6,5.6,false,false,0.302,102.5
2024-10-14,Mountain,41,361.52,0.0,6.1,7.22,3.67,67.8,5.4,false,false,0.219,102.2
2024-10-21,Mountain,42,350.02,15.95,5.52,5.4,3.75,64.5,5.3,false,false,0.203,105.8
2024-10-28,Mountain,43,368.47,16.45,6.47,4.49,3.34,58.1,5.4,false,false,0.246,109.5
2024-11-04,Mountain,44,390.41,14.53,7.66,6.54,4.14,67.7,5.2,false,false,0.275,118.9
2024-11-11,Mountain,45,416.74,13.61,7.26,7.83,4.16,71.7,4.5,false,false,0.302,137.4
2024-11-18,Mountain,46,406.3,12.62,8.23,6.72,4.0,74.1,3.1,false,false,0.253,141.0
2024-11-25,Mountain,47,492.91,15.17,7.54,8.83,4.45,104.0,18.6,true,true,0.315,145.3
2024-12-02,Mountain,48,444.09,0.0,8.42,3.37,4.01,69.2,3.6,false,false,0.255,157.6
2024-12-09,Mountain,49,402.59,0.0,8.07,4.58,4.26,74.3,6.3,false,false,0.323,139.4
2024-12-16,Mountain,50,402.83,0.0,6.6,5.67,4.51,59.0,5.4,false,false,0.265,139.4
2024-12-23,Mountain,51,446.31,0.0,7.93,5.08,3.36,105.8,19.7,true,true,0.235,137.3
2024-12-30,Mountain,52,379.68,0.0,7.56,9.26,3.87,58.0,4.8,false,false,0.271,122.4
2025-01-06,Mountain,53,352.76,0.0,6.81,6.75,4.67,57.4,4.5,false,false,0.303,109.7
2025-01-13,Mountain,54,359.85,0.0,4.83,6.06,3.34,61.7,3.5,false,false,0.315,105.7
2025-01-20,Mountain,55,318.22,0.0,4.79,7.93,2.9,58.0,5.7,false,false,0.32,105.2
2025-01-27,Mountain,56,336.07,14.94,5.91,7.19,3.67,57.4,4.8,false,false,0.318,105.7
2025-02-03,Mountain,57,389.71,15.66,4.12,7.16,2.26,70.6,5.3,false,false,0.293,108.6
2025-02-10,Mountain,58,344.36,14.83,5.42,12.34,4.79,71.9,4.5,false,false,0.315,106.7
2025-02-17,Mountain,59,343.65,16.36,5.88,6.69,3.83,71.4,3.7,false,false,0.256,105.3
2025-02-24,Mountain,60,340.68,15.92,5.21,7.33,4.45,61.3,3.0,false,false,0.32,108.5
2025-03-03,Mountain,61,402.9,17.05,5.01,6.92,2.81,109.1,19.8,true,false,0.311,110.1
2025-03-10,Mountain,62,388.82,0.0,7.79,5.5,3.09,60.7,6.1,false,false,0.355,113.5
2025-03-17,Mountain,63,359.58,0.0,9.82,6.45,3.07,73.4,4.3,false,false,0.325,100.5
2025-03-24,Mountain,64,356.11,0.0,6.41,4.76,3.67,59.1,3.5,false,false,0.328,115.5
2025-03-31,Mountain,65,329.99,0.0,7.03,6.38,2.23,73.6,4.9,false,false,0.391,111.0
2025-04-07,Mountain,66,362.65,0.0,5.99,6.64,3.88,68.9,5.6,false,false,0.393,118.0
2025-04-14,Mountain,67,373.7,0.0,6.57,5.5,4.02,58.2,4.4,false,false,0.314,130.3
2025-04-21,Mountain,68,375.32,12.51,7.38,8.2,2.54,68.1,4.0,false,false,0.294,131.1
2025-04-28,Mountain,69,412.57,17.73,7.35,9.35,3.42,56.5,5.3,false,false,0.311,142.9
2025-05-05,Mountain,70,420.41,15.96,8.67,9.77,3.91,57.6,6.0,false,false,0.38,136.7
2025-05-12,Mountain,71,429.29,14.19,6.9,5.89,3.35,69.6,5.4,false,false,0.367,141.5
2025-05-19,Mountain,72,378.53,14.75,4.97,4.43,2.17,58.9,3.7,false,false,0.346,125.1
2025-05-26,Mountain,73,438.3,17.53,5.48,8.83,2.99,126.8,22.4,true,true,0.326,124.4
2025-06-02,Mountain,74,359.65,0.0,7.95,5.08,3.0,72.4,5.4,false,false,0.388,110.0
2025-06-09,Mountain,75,359.61,0.0,5.88,8.32,3.54,61.1,4.6,false,false,0.319,108.3
2025-06-16,Mountain,76,351.08,0.0,6.71,7.23,3.88,70.7,5.5,false,false,0.299,104.9
2025-06-23,Mountain,77,334.67,0.0,5.6,4.39,3.21,72.4,4.9,false,false,0.329,104.0
2025-06-30,Mountain,78,403.9,0.0,4.29,6.17,3.56,101.7,19.7,true,true,0.3,103.7
2025-07-07,Mountain,79,363.71,0.0,6.31,9.54,4.97,62.4,5.3,false,false,0.35,99.6
2025-07-14,Mountain,80,333.91,0.0,7.39,6.94,2.99,60.1,5.4,false,false,0.289,95.5
2025-07-21,Mountain,81,348.67,0.0,5.08,7.85,4.32,60.3,5.4,false,false,0.33,113.2
2025-07-28,Mountain,82,365.05,16.28,7.69,5.81,3.34,59.1,5.6,false,false,0.294,104.4
2025-08-04,Mountain,83,364.08,13.26,6.52,10.0,3.83,65.3,3.4,false,false,0.268,109.5
2025-08-11,Mountain,84,360.17,12.89,7.19,9.31,4.03,64.3,2.4,false,false,0.357,103.2
2025-08-18,Mountain,85,391.61,13.76,4.72,5.97,4.99,58.5,5.9,false,false,0.277,113.4
2025-08-25,Mountain,86,360.0,13.99,7.82,6.59,2.68,59.3,5.9,false,false,0.287,106.5
2025-09-01,Mountain,87,445.48,14.95,6.84,7.86,2.95,107.4,21.0,true,true,0.265,110.5
2025-09-08,Mountain,88,358.28,0.0,4.69,9.02,2.92,70.2,5.2,false,false,0.294,105.0
2025-09-15,Mountain,89,379.18,0.0,4.67,7.17,2.5,67.2,5.9,false,false,0.29,102.9
2025-09-22,Mountain,90,338.74,0.0,7.41,6.15,2.94,60.6,2.5,false,false,0.246,110.1
2025-09-29,Mountain,91,366.33,0.0,9.85,6.91,3.69,71.4,4.4,false,false,0.321,114.3
2025-10-06,Mountain,92,347.0,0.0,7.58,6.64,4.23,69.7,4.4,false,false,0.271,101.5
2025-10-13,Mountain,93,339.66,0.0,6.05,5.8,3.9,64.2,6.0,false,false,0.263,107.6
2025-10-20,Mountain,94,368.27,17.82,6.24,5.62,3.79,63.7,4.6,false,false,0.233,110.7
2025-10-27,Mountain,95,428.61,18.05,5.96,8.51,3.87,74.8,6.1,false,false,0.32,117.8
2025-11-03,Mountain,96,391.32,17.47,6.01,5.86,3.31,59.7,5.5,false,false,0.241,124.4
2025-11-10,Mountain,97,425.3,16.46,8.97,9.32,3.45,63.0,4.8,false,false,0.2,122.8
2025-11-17,Mountain,98,437.68,16.56,6.11,5.22,3.12,73.2,5.0,false,false,0.218,133.0
2025-11-24,Mountain,99,530.64,16.26,8.3,6.11,2.44,125.0,21.5,true,true,0.213,150.8
2025-12-01,Mountain,100,462.79,0.0,8.04,6.97,4.49,71.7,4.6,false,false,0.265,154.6
2025-12-08,Mountain,101,457.09,0.0,7.05,6.16,3.71,69.0,6.5,false,false,0.231,149.3
2025-12-15,Mountain,102,438.9,0.0,8.73,6.56,4.6,66.9,6.5,false,false,0.255,142.1
2025-12-22,Mountain,103,492.62,0.0,8.2,6.03,3.91,134.5,17.8,true,true,0.211,139.2
2024-01-01,Pacific NW,0,326.62,0.0,8.56,5.09,4.03,65.9,6.2,false,false,0.325,106.7
2024-01-08,Pacific NW,1,316.92,0.0,7.53,5.71,2.65,86.8,4.9,false,false,0.294,101.8
2024-01-15,Pacific NW,2,317.01,0.0,9.18,3.39,5.31,72.9,5.3,false,false,0.28,98.3
2024-01-22,Pacific NW,3,279.4,0.0,6.64,6.25,5.39,88.2,4.8,false,false,0.316,90.8
2024-01-29,Pacific NW,4,302.65,18.87,6.17,5.57,5.02,72.0,3.5,false,false,0.293,95.7
2024-02-05,Pacific NW,5,326.49,16.88,7.18,8.69,3.53,87.0,4.4,false,false,0.353,95.5
2024-02-12,Pacific NW,6,332.04,20.08,6.91,5.34,5.22,74.3,4.4,false,false,0.262,96.4
2024-02-19,Pacific NW,7,345.39,14.62,8.23,7.9,3.97,69.0,4.9,false,false,0.3,106.6
2024-02-26,Pacific NW,8,349.91,19.53,6.83,6.77,3.3,78.5,3.8,false,false,0.352,102.3
2024-03-04,Pacific NW,9,361.24,20.39,8.35,7.63,3.62,133.4,19.5,true,false,0.39,102.8
2024-03-11,Pacific NW,10,339.89,0.0,6.06,8.86,4.79,82.4,3.4,false,false,0.313,107.2
2024-03-18,Pacific NW,11,343.52,0.0,6.85,6.6,2.97,67.4,3.8,false,false,0.335,103.3
2024-03-25,Pacific NW,12,367.85,0.0,9.3,4.91,4.94,75.3,4.9,false,false,0.388,108.0
2024-04-01,Pacific NW,13,335.58,0.0,7.13,7.16,4.01,66.6,4.2,false,false,0.325,113.4
2024-04-08,Pacific NW,14,348.75,0.0,8.83,5.22,4.59,83.7,4.4,false,false,0.365,109.9
2024-04-15,Pacific NW,15,362.02,0.0,7.06,6.87,2.68,67.5,3.9,false,false,0.391,124.1
2024-04-22,Pacific NW,16,418.84,19.55,8.61,6.32,3.27,78.9,5.2,false,false,0.36,138.6
2024-04-29,Pacific NW,17,391.52,17.42,11.58,6.66,3.53,73.4,4.3,false,false,0.382,134.8
2024-05-06,Pacific NW,18,407.21,18.38,7.88,8.17,4.87,77.0,5.1,false,false,0.338,124.6
2024-05-13,Pacific NW,19,399.18,21.42,9.13,7.98,4.12,69.9,4.2,false,false,0.322,128.8
2024-05-20,Pacific NW,20,386.18,20.44,6.8,4.45,3.87,87.1,4.5,false,false,0.314,121.5
2024-05-27,Pacific NW,21,409.46,20.85,6.97,5.43,4.07,137.7,21.8,true,true,0.347,107.5
2024-06-03,Pacific NW,22,351.88,0.0,6.82,5.38,2.98,87.6,4.3,false,false,0.366,110.6
2024-06-10,Pacific NW,23,330.98,0.0,6.65,6.12,2.96,69.2,6.0,false,false,0.296,104.2
2024-06-17,Pacific NW,24,320.67,0.0,5.81,5.96,5.48,74.6,4.0,false,false,0.342,95.5
2024-06-24,Pacific NW,25,337.16,0.0,7.38,7.15,5.22,75.1,5.0,false,false,0.293,97.3
2024-07-01,Pacific NW,26,361.14,0.0,5.17,7.7,4.46,128.5,18.7,true,true,0.31,93.3
2024-07-08,Pacific NW,27,340.96,0.0,5.33,5.89,2.81,67.6,5.2,false,false,0.312,103.3
2024-07-15,Pacific NW,28,340.11,0.0,6.16,4.6,5.13,66.8,3.0,false,false,0.319,111.3
2024-07-22,Pacific NW,29,306.86,0.0,8.43,7.15,4.78,75.9,5.5,false,false,0.275,94.4
2024-07-29,Pacific NW,30,321.72,18.49,5.85,6.38,4.99,65.7,3.7,false,false,0.269,97.1
2024-08-05,Pacific NW,31,358.12,15.55,7.01,7.98,4.78,72.1,3.9,false,false,0.271,105.3
2024-08-12,Pacific NW,32,345.13,14.87,8.19,5.72,2.55,78.0,6.4,false,false,0.265,104.3
2024-08-19,Pacific NW,33,356.94,19.47,8.3,4.71,4.04,74.4,4.6,false,false,0.298,102.7
2024-08-26,Pacific NW,34,354.67,19.35,6.7,4.12,5.24,79.1,6.6,false,false,0.276,103.1
2024-09-02,Pacific NW,35,380.48,16.37,6.96,3.99,5.2,142.3,19.3,true,true,0.277,95.2
2024-09-09,Pacific NW,36,348.67,0.0,6.52,5.21,4.27,79.9,5.7,false,false,0.249,101.5
2024-09-16,Pacific NW,37,368.9,0.0,6.55,7.84,4.94,71.6,4.5,false,false,0.227,101.6
2024-09-23,Pacific NW,38,378.34,0.0,10.27,4.83,3.53,83.3,4.5,false,false,0.245,104.4
2024-09-30,Pacific NW,39,368.47,0.0,6.33,8.36,3.35,71.3,4.1,false,false,0.25,104.8
2024-10-07,Pacific NW,40,335.86,0.0,8.34,6.78,4.49,75.8,3.1,false,false,0.279,99.8
2024-10-14,Pacific NW,41,334.6,0.0,6.2,5.38,2.8,79.9,5.7,false,false,0.284,104.3
2024-10-21,Pacific NW,42,345.52,21.06,5.5,4.09,3.39,68.4,5.2,false,false,0.25,108.0
2024-10-28,Pacific NW,43,409.56,20.55,10.3,4.72,2.87,69.0,5.6,false,false,0.25,122.5
2024-11-04,Pacific NW,44,395.52,15.01,6.05,9.32,4.79,77.2,3.3,false,false,0.232,124.4
2024-11-11,Pacific NW,45,457.41,18.61,6.94,5.76,2.93,75.6,5.5,false,false,0.233,132.4
2024-11-18,Pacific NW,46,420.24,19.83,10.55,6.36,2.84,86.6,5.8,false,false,0.231,142.2
2024-11-25,Pacific NW,47,516.52,16.23,8.9,7.5,4.09,157.6,19.3,true,true,0.273,149.7
2024-12-02,Pacific NW,48,465.77,0.0,9.43,4.63,3.95,75.8,5.3,false,false,0.221,153.4
2024-12-09,Pacific NW,49,436.58,0.0,12.65,6.29,4.2,73.0,3.9,false,false,0.214,138.8
2024-12-16,Pacific NW,50,400.35,0.0,11.1,4.78,3.19,68.6,4.3,false,false,0.241,137.2
2024-12-23,Pacific NW,51,465.26,0.0,8.74,6.54,5.45,131.1,20.0,true,true,0.261,133.8
2024-12-30,Pacific NW,52,382.63,0.0,9.36,8.55,4.51,86.9,3.5,false,false,0.251,114.0
2025-01-06,Pacific NW,53,324.94,0.0,6.44,6.0,3.17,79.7,5.8,false,false,0.294,101.0
2025-01-13,Pacific NW,54,358.3,0.0,7.77,7.52,2.91,66.3,4.0,false,false,0.239,109.9
2025-01-20,Pacific NW,55,368.56,0.0,7.22,13.04,3.24,81.1,5.7,false,false,0.312,107.9
2025-01-27,Pacific NW,56,366.46,18.94,7.67,10.65,5.75,77.7,5.1,false,false,0.296,98.5
2025-02-03,Pacific NW,57,354.57,17.85,7.1,7.94,3.61,69.9,4.4,false,false,0.29,103.6
2025-02-10,Pacific NW,58,389.47,19.63,6.52,8.4,2.54,79.8,5.3,false,false,0.327,111.6
2025-02-17,Pacific NW,59,381.75,15.88,7.19,7.14,5.51,66.2,5.8,false,false,0.343,105.5
2025-02-24,Pacific NW,60,335.01,15.65,6.65,8.55,3.24,69.5,3.5,false,false,0.319,101.4
2025-03-03,Pacific NW,61,423.04,19.8,6.66,10.05,2.63,121.1,18.7,true,false,0.329,103.3
2025-03-10,Pacific NW,62,369.69,0.0,8.32,8.04,3.18,74.7,3.9,false,false,0.277,108.5
2025-03-17,Pacific NW,63,340.46,0.0,5.39,9.03,3.19,83.5,4.4,false,false,0.363,103.6
2025-03-24,Pacific NW,64,365.97,0.0,8.73,7.45,3.3,76.2,4.9,false,false,0.332,119.2
2025-03-31,Pacific NW,65,373.05,0.0,5.78,7.01,2.68,77.3,4.6,false,false,0.333,115.4
2025-04-07,Pacific NW,66,363.73,0.0,5.83,7.9,3.56,79.2,4.8,false,false,0.278,114.1
2025-04-14,Pacific NW,67,385.87,0.0,4.97,4.75,5.3,66.3,4.1,false,false,0.331,123.6
2025-04-21,Pacific NW,68,424.66,18.17,9.41,11.6,3.18,74.7,4.5,false,false,0.332,129.8
2025-04-28,Pacific NW,69,410.54,17.02,10.55,7.46,5.51,70.3,6.2,false,false,0.32,135.2
2025-05-05,Pacific NW,70,446.11,15.75,9.9,8.1,4.09,71.8,3.9,false,false,0.362,142.9
2025-05-12,Pacific NW,71,444.58,18.84,8.49,9.21,5.36,80.4,5.2,false,false,0.325,127.6
2025-05-19,Pacific NW,72,410.05,19.59,7.21,9.1,3.0,67.8,4.9,false,false,0.362,124.0
2025-05-26,Pacific NW,73,454.26,16.22,13.07,8.13,4.74,151.6,19.8,true,true,0.32,119.2
2025-06-02,Pacific NW,74,393.45,0.0,9.17,8.4,3.3,71.8,4.3,false,false,0.346,115.4
2025-06-09,Pacific NW,75,377.98,0.0,8.88,8.18,2.59,75.6,5.0,false,false,0.308,111.5
2025-06-16,Pacific NW,76,380.75,0.0,6.84,12.44,5.31,85.7,4.2,false,false,0.386,111.4
2025-06-23,Pacific NW,77,380.26,0.0,11.66,6.72,5.7,81.5,5.5,false,false,0.349,110.7
2025-06-30,Pacific NW,78,408.29,0.0,6.06,8.75,5.76,130.3,19.9,true,true,0.338,103.4
2025-07-07,Pacific NW,79,346.92,0.0,7.57,4.07,2.62,67.1,4.7,false,false,0.365,107.2
2025-07-14,Pacific NW,80,361.71,0.0,7.05,7.64,5.02,66.2,7.3,false,false,0.358,109.6
2025-07-21,Pacific NW,81,366.28,0.0,6.34,7.95,4.25,77.3,7.0,false,false,0.347,103.6
2025-07-28,Pacific NW,82,338.87,15.5,8.74,6.79,5.64,68.0,4.4,false,false,0.286,100.8
2025-08-04,Pacific NW,83,384.44,15.13,6.93,7.99,4.17,76.4,5.7,false,false,0.318,111.9
2025-08-11,Pacific NW,84,358.73,16.13,9.27,7.18,4.61,76.9,5.5,false,false,0.384,103.1
2025-08-18,Pacific NW,85,387.57,19.32,8.43,10.09,4.49,83.1,5.1,false,false,0.317,108.9
2025-08-25,Pacific NW,86,392.97,17.03,4.52,10.12,3.08,87.1,5.5,false,false,0.329,106.1
2025-09-01,Pacific NW,87,437.28,16.16,5.76,8.93,5.73,131.4,20.1,true,true,0.249,105.2
2025-09-08,Pacific NW,88,379.84,0.0,7.63,11.89,4.63,83.8,3.0,false,false,0.253,105.1
2025-09-15,Pacific NW,89,393.23,0.0,6.58,6.23,2.76,87.0,4.6,false,false,0.271,103.1
2025-09-22,Pacific NW,90,386.16,0.0,7.59,9.43,4.86,79.8,7.0,false,false,0.275,112.9
2025-09-29,Pacific NW,91,366.33,0.0,8.84,10.8,3.23,84.7,5.4,false,false,0.278,113.6
2025-10-06,Pacific NW,92,392.65,0.0,4.59,9.25,4.59,86.9,5.7,false,false,0.264,109.8
2025-10-13,Pacific NW,93,412.49,0.0,10.16,11.17,5.77,82.8,4.9,false,false,0.222,112.1
2025-10-20,Pacific NW,94,400.98,18.6,8.18,7.69,2.89,70.0,5.2,false,false,0.265,112.4
2025-10-27,Pacific NW,95,413.43,20.18,9.32,6.57,4.65,66.0,4.6,false,false,0.21,117.1
2025-11-03,Pacific NW,96,423.35,15.65,9.54,5.26,5.58,86.3,8.2,false,false,0.255,122.9
2025-11-10,Pacific NW,97,461.31,17.81,7.59,9.17,5.79,75.8,6.1,false,false,0.307,133.6
2025-11-17,Pacific NW,98,458.26,20.31,8.96,14.12,5.38,82.6,6.1,false,false,0.268,137.5
2025-11-24,Pacific NW,99,522.91,19.94,10.15,7.26,3.21,142.9,20.6,true,true,0.208,149.2
2025-12-01,Pacific NW,100,489.36,0.0,7.59,12.38,4.3,77.1,4.3,false,false,0.265,145.5
2025-12-08,Pacific NW,101,484.86,0.0,13.2,9.32,5.82,85.0,5.6,false,false,0.239,152.5
2025-12-15,Pacific NW,102,444.53,0.0,6.65,4.66,3.96,72.6,4.1,false,false,0.241,143.5
2025-12-22,Pacific NW,103,509.5,0.0,9.87,6.82,2.64,117.9,19.3,true,true,0.285,132.6
2024-01-01,California,0,407.06,0.0,12.22,6.19,8.49,178.7,7.7,false,false,0.331,93.3
2024-01-08,California,1,460.52,0.0,16.57,8.01,12.35,140.5,4.1,false,false,0.316,101.0
2024-01-15,California,2,417.58,0.0,10.67,6.36,9.87,184.0,4.6,false,false,0.351,99.8
2024-01-22,California,3,442.29,0.0,18.74,11.86,9.0,172.8,5.1,false,false,0.35,105.8
2024-01-29,California,4,491.96,44.67,21.02,13.64,10.26,145.8,6.5,false,false,0.311,105.3
2024-02-05,California,5,456.89,35.67,16.04,9.8,7.39,149.7,5.6,false,false,0.29,104.7
2024-02-12,California,6,481.19,44.51,13.54,16.86,6.48,182.7,5.3,false,false,0.352,104.7
2024-02-19,California,7,450.55,32.71,12.74,11.04,10.59,179.6,4.8,false,false,0.359,93.7
2024-02-26,California,8,496.99,43.95,14.96,12.21,12.44,169.1,6.7,false,false,0.327,110.4
2024-03-04,California,9,495.85,42.56,16.27,12.26,9.31,263.4,17.8,true,false,0.339,108.2
2024-03-11,California,10,481.9,0.0,20.94,10.67,8.23,185.7,5.2,false,false,0.25,104.2
2024-03-18,California,11,469.37,0.0,16.48,9.99,10.11,164.4,5.0,false,false,0.304,106.2
2024-03-25,California,12,489.62,0.0,16.0,11.2,7.54,140.8,4.4,false,false,0.294,103.6
2024-04-01,California,13,485.15,0.0,15.11,11.38,5.85,155.0,5.7,false,false,0.371,113.5
2024-04-08,California,14,491.04,0.0,19.05,14.96,9.36,157.7,5.6,false,false,0.385,119.9
2024-04-15,California,15,473.2,0.0,16.6,10.33,11.33,142.0,4.7,false,false,0.324,123.5
2024-04-22,California,16,518.99,32.11,22.14,14.34,7.24,170.2,5.4,false,false,0.39,135.8
2024-04-29,California,17,515.93,39.73,15.72,8.99,12.09,144.8,4.2,false,false,0.346,130.8
2024-05-06,California,18,540.42,37.68,16.08,11.83,8.94,144.5,4.7,false,false,0.338,132.4
2024-05-13,California,19,530.22,35.02,17.12,14.1,10.11,185.5,4.7,false,false,0.378,122.0
2024-05-20,California,20,562.06,45.93,17.71,12.9,6.0,142.9,5.2,false,false,0.289,124.8
2024-05-27,California,21,560.74,34.81,14.62,8.61,6.55,288.4,20.8,true,true,0.308,120.1
2024-06-03,California,22,476.99,0.0,16.65,8.39,11.98,150.7,4.5,false,false,0.324,106.2
2024-06-10,California,23,482.68,0.0,15.88,12.32,7.25,187.8,4.1,false,false,0.38,108.1
2024-06-17,California,24,449.07,0.0,12.44,15.49,8.16,171.6,4.3,false,false,0.34,99.8
2024-06-24,California,25,469.33,0.0,13.73,13.56,7.75,184.8,5.4,false,false,0.302,96.2
2024-07-01,California,26,567.38,0.0,18.52,13.48,11.01,280.4,18.4,true,true,0.314,105.2
2024-07-08,California,27,485.85,0.0,13.32,9.79,6.24,143.1,5.4,false,false,0.333,106.8
2024-07-15,California,28,461.25,0.0,18.84,11.13,10.18,142.1,5.5,false,false,0.351,108.5
2024-07-22,California,29,483.43,0.0,15.64,13.41,5.92,167.5,4.3,false,false,0.32,109.3
2024-07-29,California,30,503.23,35.97,14.33,17.79,11.15,185.4,5.3,false,false,0.244,97.5
2024-08-05,California,31,484.56,33.43,14.88,10.51,5.92,148.3,5.0,false,false,0.299,101.1
2024-08-12,California,32,476.01,33.68,16.02,12.36,12.4,152.6,5.7,false,false,0.291,100.1
2024-08-19,California,33,498.72,37.55,15.66,16.12,7.17,156.0,5.6,false,false,0.255,101.4
2024-08-26,California,34,487.72,37.31,12.85,11.35,6.58,141.9,4.4,false,false,0.264,104.1
2024-09-02,California,35,555.17,33.6,13.34,17.5,9.47,316.5,18.9,true,true,0.317,99.6
2024-09-09,California,36,501.26,0.0,14.49,17.68,8.11,163.3,5.0,false,false,0.294,102.9
2024-09-16,California,37,483.13,0.0,14.41,14.32,6.4,147.2,5.9,false,false,0.309,105.3
2024-09-23,California,38,457.8,0.0,11.49,12.08,10.4,181.1,4.0,false,false,0.215,95.2
2024-09-30,California,39,462.96,0.0,12.22,10.65,7.63,140.8,4.4,false,false,0.273,104.1
2024-10-07,California,40,482.44,0.0,17.12,13.31,11.48,160.3,6.2,false,false,0.215,103.5
2024-10-14,California,41,488.08,0.0,12.8,13.52,11.55,174.1,4.6,false,false,0.256,103.0
2024-10-21,California,42,524.69,40.2,15.12,13.7,9.09,180.5,6.1,false,false,0.208,116.5
2024-10-28,California,43,503.21,45.58,16.58,11.1,6.71,149.0,4.3,false,false,0.272,117.4
2024-11-04,California,44,503.58,42.61,16.94,14.42,7.86,160.9,6.2,false,false,0.25,126.7
2024-11-11,California,45,534.26,44.45,20.86,13.41,8.16,147.3,5.3,false,false,0.22,126.7
2024-11-18,California,46,565.8,41.95,26.12,15.9,10.31,175.2,5.2,false,false,0.221,131.5
2024-11-25,California,47,680.84,37.12,16.94,7.4,8.82,277.0,21.1,true,true,0.334,148.0
2024-12-02,California,48,587.17,0.0,21.28,10.23,5.66,160.1,6.9,false,false,0.262,150.8
2024-12-09,California,49,575.01,0.0,24.33,15.67,9.3,141.2,5.4,false,false,0.236,142.7
2024-12-16,California,50,566.55,0.0,16.88,9.33,11.82,186.5,5.9,false,false,0.259,137.6
2024-12-23,California,51,585.67,0.0,25.89,10.14,5.48,256.9,19.4,true,true,0.303,124.1
2024-12-30,California,52,515.01,0.0,15.81,21.44,11.4,175.5,7.4,false,false,0.25,119.7
2025-01-06,California,53,472.19,0.0,11.94,18.91,8.4,168.4,5.0,false,false,0.289,98.4
2025-01-13,California,54,493.32,0.0,13.95,18.45,8.5,152.6,3.6,false,false,0.228,103.4
2025-01-20,California,55,494.36,0.0,14.42,13.34,11.49,152.2,3.2,false,false,0.225,106.9
2025-01-27,California,56,487.66,40.09,11.82,24.08,7.69,154.7,6.3,false,false,0.348,97.0
2025-02-03,California,57,492.36,38.48,13.12,16.77,10.12,161.7,4.4,false,false,0.277,103.5
2025-02-10,California,58,507.33,33.76,13.84,13.27,8.5,182.5,4.0,false,false,0.256,104.0
2025-02-17,California,59,479.33,35.41,12.3,22.63,6.28,158.2,4.5,false,false,0.289,108.1
2025-02-24,California,60,498.51,37.25,13.95,19.46,11.98,146.8,5.8,false,false,0.339,107.5
2025-03-03,California,61,531.93,44.9,11.62,20.58,6.03,303.4,20.0,true,false,0.345,105.8
2025-03-10,California,62,510.67,0.0,14.43,17.44,10.4,156.2,5.2,false,false,0.283,107.0
2025-03-17,California,63,498.91,0.0,16.18,11.2,12.24,177.2,4.9,false,false,0.327,102.1
2025-03-24,California,64,530.8,0.0,9.93,34.06,9.19,169.3,5.3,false,false,0.306,113.9
2025-03-31,California,65,514.94,0.0,16.59,18.6,8.2,186.4,5.8,false,false,0.363,119.9
2025-04-07,California,66,532.03,0.0,15.99,22.31,8.31,178.1,5.5,false,false,0.323,120.1
2025-04-14,California,67,529.49,0.0,18.66,18.54,7.47,148.9,3.6,false,false,0.33,130.0
2025-04-21,California,68,556.58,44.97,16.13,20.72,12.11,182.5,4.2,false,false,0.323,137.2
2025-04-28,California,69,573.4,37.81,16.91,22.56,9.12,155.1,7.0,false,false,0.406,136.0
2025-05-05,California,70,583.57,35.8,23.44,22.16,8.29,187.8,4.8,false,false,0.38,142.8
2025-05-12,California,71,595.79,42.23,21.32,12.02,9.7,179.9,7.2,false,false,0.249,138.7
2025-05-19,California,72,521.53,42.18,17.4,14.84,8.93,172.3,4.5,false,false,0.372,128.8
2025-05-26,California,73,590.27,46.07,14.67,21.56,10.98,264.6,21.3,true,true,0.373,118.2
2025-06-02,California,74,510.91,0.0,13.03,16.46,12.31,181.5,3.5,false,false,0.33,114.6
2025-06-09,California,75,531.0,0.0,15.64,16.06,8.45,150.6,5.1,false,false,0.323,103.8
2025-06-16,California,76,485.03,0.0,16.37,22.97,6.11,188.3,2.9,false,false,0.338,106.8
2025-06-23,California,77,507.54,0.0,12.63,15.19,6.02,157.2,6.7,false,false,0.341,110.7
2025-06-30,California,78,545.32,0.0,14.7,28.61,6.36,283.2,20.7,true,true,0.354,104.7
2025-07-07,California,79,485.53,0.0,11.82,24.81,8.24,155.7,4.5,false,false,0.328,102.0
2025-07-14,California,80,513.13,0.0,14.65,20.05,7.36,186.9,5.5,false,false,0.372,107.1
2025-07-21,California,81,484.81,0.0,15.49,11.37,10.84,182.6,5.0,false,false,0.322,106.4
2025-07-28,California,82,510.54,45.48,12.86,19.51,10.0,155.6,6.0,false,false,0.294,101.1
2025-08-04,California,83,501.21,33.28,13.29,18.51,6.62,168.1,4.0,false,false,0.288,104.1
2025-08-11,California,84,510.8,38.69,17.45,14.87,9.71,175.7,4.0,false,false,0.316,112.8
2025-08-18,California,85,525.72,38.19,19.31,22.2,10.6,149.9,6.4,false,false,0.25,111.1
2025-08-25,California,86,521.69,35.59,17.86,24.37,7.22,157.6,5.5,false,false,0.285,116.7
2025-09-01,California,87,581.57,38.29,12.77,16.4,9.07,310.1,19.4,true,true,0.275,109.6
2025-09-08,California,88,495.0,0.0,14.06,17.49,7.33,147.7,4.2,false,false,0.263,100.3
2025-09-15,California,89,550.05,0.0,26.08,19.29,8.04,166.2,3.4,false,false,0.304,109.1
2025-09-22,California,90,495.36,0.0,20.58,9.04,10.26,166.4,6.2,false,false,0.313,112.5
2025-09-29,California,91,511.92,0.0,11.37,20.96,12.04,146.4,4.9,false,false,0.272,105.0
2025-10-06,California,92,526.87,0.0,16.47,15.11,10.2,163.3,4.5,false,false,0.229,113.8
2025-10-13,California,93,515.24,0.0,20.24,13.13,6.4,152.5,4.9,false,false,0.277,111.1
2025-10-20,California,94,527.99,40.05,15.78,18.48,5.43,173.2,3.9,false,false,0.291,114.6
2025-10-27,California,95,582.5,32.1,22.82,14.73,12.46,174.4,5.3,false,false,0.242,121.5
2025-11-03,California,96,552.7,45.0,14.45,23.49,9.68,170.7,5.2,false,false,0.319,124.9
2025-11-10,California,97,600.26,45.87,24.77,13.11,7.32,147.6,4.5,false,false,0.245,136.5
2025-11-17,California,98,594.83,37.59,28.71,10.22,5.58,164.0,4.3,false,false,0.253,155.1
2025-11-24,California,99,687.76,45.32,21.96,16.92,10.62,308.0,20.3,true,true,0.244,157.0
2025-12-01,California,100,581.97,0.0,19.94,19.41,11.93,155.5,5.2,false,false,0.292,149.5
2025-12-08,California,101,590.79,0.0,19.44,12.22,6.4,144.8,3.8,false,false,0.263,151.0
2025-12-15,California,102,606.92,0.0,23.18,13.89,8.98,181.3,6.1,false,false,0.262,143.0
2025-12-22,California,103,633.8,0.0,24.43,12.86,8.57,280.9,20.2,true,true,0.275,140.9
