id,order_date,revenue,ordered_at
1,2025-05-02,1289.29,2025-05-02T00:00:00Z
2,2025-06-05,418.16,2025-06-05T07:13:00Z
3,2025-02-12,487.05,2025-02-12T14:26:00Z
4,2025-04-10,1236.19,2025-04-10T21:39:00Z
5,2025-01-11,519.20,2025-01-11T04:52:00Z
6,2025-10-18,235.64,2025-10-18T11:05:00Z
7,2025-08-08,1260.43,2025-08-08T18:18:00Z
8,2025-05-09,2479.75,2025-05-09T01:31:00Z
9,2025-09-17,87.47,2025-09-17T08:44:00Z
10,2025-07-04,350.88,2025-07-04T15:57:00Z
11,2025-12-04,163.10,2025-12-04T22:10:00Z
12,2025-12-22,468.09,2025-12-22T05:23:00Z
13,2025-04-11,219.56,2025-04-11T12:36:00Z
14,2025-01-16,370.64,2025-01-16T19:49:00Z
15,2025-08-29,184.11,2025-08-29T02:02:00Z
16,2025-01-20,417.12,2025-01-20T09:15:00Z
17,2025-01-11,361.50,2025-01-11T16:28:00Z
18,2025-05-10,270.22,2025-05-10T23:41:00Z
19,2025-09-14,636.77,2025-09-14T06:54:00Z
20,2025-01-13,193.50,2025-01-13T13:07:00Z
21,2025-04-12,1611.72,2025-04-12T20:20:00Z
22,2025-01-14,1463.34,2025-01-14T03:33:00Z
23,2025-06-19,1942.68,2025-06-19T10:46:00Z
24,2025-06-18,914.30,2025-06-18T17:59:00Z
25,2025-07-25,316.06,2025-07-25T00:12:00Z
26,2025-03-26,708.33,2025-03-26T07:25:00Z
27,2025-04-07,802.35,2025-04-07T14:38:00Z
28,2025-01-24,503.98,2025-01-24T21:51:00Z
29,2025-04-10,107.03,2025-04-10T04:04:00Z
30,2025-01-23,99.40,2025-01-23T11:17:00Z
31,2025-06-21,290.10,2025-06-21T18:30:00Z
32,2025-09-11,367.72,2025-09-11T01:43:00Z
33,2025-01-16,334.10,2025-01-16T08:56:00Z
34,2025-03-29,1627.36,2025-03-29T15:09:00Z
35,2025-06-16,385.98,2025-06-16T22:22:00Z
36,2025-01-22,209.56,2025-01-22T05:35:00Z
37,2025-03-30,159.30,2025-03-30T12:48:00Z
38,2025-10-13,475.27,2025-10-13T19:01:00Z
39,2025-03-02,383.39,2025-03-02T02:14:00Z
40,2025-03-31,894.46,2025-03-31T09:27:00Z
41,2025-08-11,57.94,2025-08-11T16:40:00Z
42,2025-11-11,535.83,2025-11-11T23:53:00Z
43,2025-11-14,109.28,2025-11-14T06:06:00Z
44,2025-09-05,574.30,2025-09-05T13:19:00Z
45,2025-05-13,161.78,2025-05-13T20:32:00Z
46,2025-03-13,911.89,2025-03-13T03:45:00Z
47,2025-01-21,298.90,2025-01-21T10:58:00Z
48,2025-09-09,4594.86,2025-09-09T17:11:00Z
49,2025-10-07,385.99,2025-10-07T00:24:00Z
50,2025-03-25,44.95,2025-03-25T07:37:00Z
51,2025-12-31,477.02,2025-12-31T14:50:00Z
52,2025-01-07,480.40,2025-01-07T21:03:00Z
53,2025-04-17,1044.02,2025-04-17T04:16:00Z
54,2025-09-21,479.56,2025-09-21T11:29:00Z
55,2025-06-14,313.03,2025-06-14T18:42:00Z
56,2025-06-10,525.03,2025-06-10T01:55:00Z
57,2025-03-26,487.70,2025-03-26T08:08:00Z
58,2025-10-31,392.19,2025-10-31T15:21:00Z
59,2025-10-27,338.51,2025-10-27T22:34:00Z
60,2025-08-22,1225.60,2025-08-22T05:47:00Z
61,2025-04-30,452.51,2025-04-30T12:00:00Z
62,2025-09-03,141.49,2025-09-03T19:13:00Z
63,2025-05-17,126.04,2025-05-17T02:26:00Z
64,2025-07-27,359.85,2025-07-27T09:39:00Z
65,2025-03-20,289.97,2025-03-20T16:52:00Z
66,2025-09-16,812.26,2025-09-16T23:05:00Z
67,2025-02-21,193.26,2025-02-21T06:18:00Z
68,2025-10-01,707.30,2025-10-01T13:31:00Z
69,2025-12-15,769.13,2025-12-15T20:44:00Z
70,2025-02-28,370.05,2025-02-28T03:57:00Z
71,2025-06-01,131.34,2025-06-01T10:10:00Z
72,2025-04-15,759.66,2025-04-15T17:23:00Z
73,2025-05-10,316.69,2025-05-10T00:36:00Z
74,2025-06-21,322.06,2025-06-21T07:49:00Z
75,2025-07-13,458.90,2025-07-13T14:02:00Z
76,2025-06-27,375.57,2025-06-27T21:15:00Z
77,2025-04-13,954.72,2025-04-13T04:28:00Z
78,2025-10-12,617.75,2025-10-12T11:41:00Z
79,2025-10-07,535.41,2025-10-07T18:54:00Z
80,2025-05-08,150.63,2025-05-08T01:07:00Z
81,2025-03-12,1208.83,2025-03-12T08:20:00Z
82,2025-12-31,1003.49,2025-12-31T15:33:00Z
83,2025-01-13,165.61,2025-01-13T22:46:00Z
84,2025-04-16,489.32,2025-04-16T05:59:00Z
85,2025-07-09,349.03,2025-07-09T12:12:00Z
86,2025-12-28,470.49,2025-12-28T19:25:00Z
87,2025-06-17,283.54,2025-06-17T02:38:00Z
88,2025-10-17,796.59,2025-10-17T09:51:00Z
89,2025-12-02,209.40,2025-12-02T16:04:00Z
90,2025-08-29,167.99,2025-08-29T23:17:00Z
91,2025-10-17,910.51,2025-10-17T06:30:00Z
92,2025-01-01,181.68,2025-01-01T13:43:00Z
93,2025-05-28,608.75,2025-05-28T20:56:00Z
94,2025-03-12,1237.49,2025-03-12T03:09:00Z
95,2025-01-20,186.25,2025-01-20T10:22:00Z
96,2025-12-27,355.55,2025-12-27T17:35:00Z
97,2025-09-25,143.55,2025-09-25T00:48:00Z
98,2025-10-16,364.74,2025-10-16T07:01:00Z
99,2025-04-27,560.46,2025-04-27T14:14:00Z
100,2025-09-28,218.89,2025-09-28T21:27:00Z
101,2025-09-30,39.84,2025-09-30T04:40:00Z
102,2025-10-25,610.14,2025-10-25T11:53:00Z
103,2025-04-25,236.67,2025-04-25T18:06:00Z
104,2025-03-04,340.82,2025-03-04T01:19:00Z
105,2025-01-26,1387.14,2025-01-26T08:32:00Z
106,2025-07-26,678.36,2025-07-26T15:45:00Z
107,2025-03-28,158.31,2025-03-28T22:58:00Z
108,2025-11-12,140.20,2025-11-12T05:11:00Z
109,2025-04-12,760.72,2025-04-12T12:24:00Z
110,2025-07-14,638.67,2025-07-14T19:37:00Z
111,2025-11-22,140.11,2025-11-22T02:50:00Z
112,2025-02-23,572.67,2025-02-23T09:03:00Z
113,2025-03-17,2459.34,2025-03-17T16:16:00Z
114,2025-09-26,417.15,2025-09-26T23:29:00Z
115,2025-04-08,92.67,2025-04-08T06:42:00Z
116,2025-02-11,142.70,2025-02-11T13:55:00Z
117,2025-09-12,374.82,2025-09-12T20:08:00Z
118,2025-11-12,817.96,2025-11-12T03:21:00Z
119,2025-03-24,1367.76,2025-03-24T10:34:00Z
120,2025-03-09,230.10,2025-03-09T17:47:00Z
121,2025-07-18,192.18,2025-07-18T00:00:00Z
122,2025-04-04,430.23,2025-04-04T07:13:00Z
123,2025-08-26,361.97,2025-08-26T14:26:00Z
124,2025-03-02,522.27,2025-03-02T21:39:00Z
125,2025-07-12,694.22,2025-07-12T04:52:00Z
126,2025-10-10,298.21,2025-10-10T11:05:00Z
127,2025-12-29,259.22,2025-12-29T18:18:00Z
128,2025-07-12,770.62,2025-07-12T01:31:00Z
129,2025-04-04,203.40,2025-04-04T08:44:00Z
130,2025-04-08,197.73,2025-04-08T15:57:00Z
131,2025-06-14,1175.19,2025-06-14T22:10:00Z
132,2025-01-14,661.61,2025-01-14T05:23:00Z
133,2025-03-18,1589.16,2025-03-18T12:36:00Z
134,2025-06-01,155.01,2025-06-01T19:49:00Z
135,2025-09-12,252.95,2025-09-12T02:02:00Z
136,2025-09-19,253.58,2025-09-19T09:15:00Z
137,2025-10-07,336.20,2025-10-07T16:28:00Z
138,2025-01-08,1149.24,2025-01-08T23:41:00Z
139,2025-12-19,129.59,2025-12-19T06:54:00Z
140,2025-03-19,670.38,2025-03-19T13:07:00Z
141,2025-02-07,545.77,2025-02-07T20:20:00Z
142,2025-06-24,192.50,2025-06-24T03:33:00Z
143,2025-01-04,479.53,2025-01-04T10:46:00Z
144,2025-12-29,897.85,2025-12-29T17:59:00Z
145,2025-10-08,171.92,2025-10-08T00:12:00Z
146,2025-08-31,111.35,2025-08-31T07:25:00Z
147,2025-01-01,484.54,2025-01-01T14:38:00Z
148,2025-11-12,763.71,2025-11-12T21:51:00Z
149,2025-02-16,978.18,2025-02-16T04:04:00Z
150,2025-05-15,1495.58,2025-05-15T11:17:00Z
151,2025-11-09,526.10,2025-11-09T18:30:00Z
152,2025-10-14,271.94,2025-10-14T01:43:00Z
153,2025-05-22,1616.93,2025-05-22T08:56:00Z
154,2025-06-05,447.87,2025-06-05T15:09:00Z
155,2025-06-16,95.34,2025-06-16T22:22:00Z
156,2025-01-02,753.55,2025-01-02T05:35:00Z
157,2025-08-12,229.95,2025-08-12T12:48:00Z
158,2025-09-04,832.49,2025-09-04T19:01:00Z
159,2025-03-25,767.89,2025-03-25T02:14:00Z
160,2025-10-07,188.67,2025-10-07T09:27:00Z
161,2025-06-18,235.39,2025-06-18T16:40:00Z
162,2025-01-13,277.62,2025-01-13T23:53:00Z
163,2025-02-08,219.97,2025-02-08T06:06:00Z
164,2025-09-18,751.31,2025-09-18T13:19:00Z
165,2025-01-12,157.00,2025-01-12T20:32:00Z
166,2025-11-04,448.36,2025-11-04T03:45:00Z
167,2025-06-04,73.48,2025-06-04T10:58:00Z
168,2025-12-09,897.75,2025-12-09T17:11:00Z
169,2025-02-26,410.17,2025-02-26T00:24:00Z
170,2025-04-09,1001.60,2025-04-09T07:37:00Z
171,2025-08-02,200.22,2025-08-02T14:50:00Z
172,2025-02-10,1118.17,2025-02-10T21:03:00Z
173,2025-05-20,694.86,2025-05-20T04:16:00Z
174,2025-11-11,195.19,2025-11-11T11:29:00Z
175,2025-04-18,186.75,2025-04-18T18:42:00Z
176,2025-05-31,241.18,2025-05-31T01:55:00Z
177,2025-10-27,285.57,2025-10-27T08:08:00Z
178,2025-02-19,221.18,2025-02-19T15:21:00Z
179,2025-09-21,233.04,2025-09-21T22:34:00Z
180,2025-09-06,402.47,2025-09-06T05:47:00Z
181,2025-05-22,739.43,2025-05-22T12:00:00Z
182,2025-11-02,529.75,2025-11-02T19:13:00Z
183,2025-02-09,512.56,2025-02-09T02:26:00Z
184,2025-02-27,107.37,2025-02-27T09:39:00Z
185,2025-12-26,298.69,2025-12-26T16:52:00Z
186,2025-08-30,157.14,2025-08-30T23:05:00Z
187,2025-04-20,674.72,2025-04-20T06:18:00Z
188,2025-01-13,100.08,2025-01-13T13:31:00Z
189,2025-03-15,348.00,2025-03-15T20:44:00Z
190,2025-03-10,885.78,2025-03-10T03:57:00Z
191,2025-02-12,449.09,2025-02-12T10:10:00Z
192,2025-06-22,617.88,2025-06-22T17:23:00Z
193,2025-08-05,1057.53,2025-08-05T00:36:00Z
194,2025-12-29,546.10,2025-12-29T07:49:00Z
195,2025-06-17,909.56,2025-06-17T14:02:00Z
196,2025-03-13,563.85,2025-03-13T21:15:00Z
197,2025-02-23,261.21,2025-02-23T04:28:00Z
198,2025-07-28,596.30,2025-07-28T11:41:00Z
199,2025-12-26,400.62,2025-12-26T18:54:00Z
200,2025-09-15,596.25,2025-09-15T01:07:00Z
