batch_closed_at,hub,parcels
2026-03-05 00:00:00,NYC,130
2026-03-05 00:15:00,NYC,122
2026-03-05 00:30:00,NYC,112
2026-03-05 00:45:00,NYC,111
2026-03-05 01:00:00,NYC,122
2026-03-05 01:15:00,NYC,131
2026-03-05 01:30:00,NYC,137
2026-03-05 01:45:00,NYC,106
2026-03-05 02:00:00,NYC,127
2026-03-05 02:15:00,NYC,124
2026-03-05 02:30:00,NYC,101
2026-03-05 02:45:00,NYC,132
2026-03-05 03:00:00,NYC,134
2026-03-05 03:15:00,NYC,112
2026-03-05 03:30:00,NYC,135
2026-03-05 03:45:00,NYC,105
2026-03-05 04:00:00,NYC,118
2026-03-05 04:15:00,NYC,111
2026-03-05 04:30:00,NYC,136
2026-03-05 04:45:00,NYC,132
2026-03-05 05:00:00,NYC,113
2026-03-05 05:15:00,NYC,137
2026-03-05 05:30:00,NYC,139
2026-03-05 05:45:00,NYC,110
2026-03-06 00:00:00,NYC,104
2026-03-06 00:15:00,NYC,108
2026-03-06 00:30:00,NYC,134
2026-03-06 00:45:00,NYC,125
2026-03-06 01:00:00,NYC,107
2026-03-06 01:15:00,NYC,135
2026-03-06 01:30:00,NYC,135
2026-03-06 01:45:00,NYC,109
2026-03-06 02:00:00,NYC,109
2026-03-06 02:15:00,NYC,136
2026-03-06 02:30:00,NYC,100
2026-03-06 02:45:00,NYC,125
2026-03-06 03:00:00,NYC,112
2026-03-06 03:15:00,NYC,104
2026-03-06 03:30:00,NYC,101
2026-03-06 03:45:00,NYC,136
2026-03-06 04:00:00,NYC,126
2026-03-06 04:15:00,NYC,127
2026-03-06 04:30:00,NYC,103
2026-03-06 04:45:00,NYC,130
2026-03-06 05:00:00,NYC,112
2026-03-06 05:15:00,NYC,105
2026-03-06 05:30:00,NYC,123
2026-03-06 05:45:00,NYC,112
2026-03-07 00:00:00,NYC,110
2026-03-07 00:15:00,NYC,133
2026-03-07 00:30:00,NYC,119
2026-03-07 00:45:00,NYC,137
2026-03-07 01:00:00,NYC,112
2026-03-07 01:15:00,NYC,132
2026-03-07 01:30:00,NYC,123
2026-03-07 01:45:00,NYC,126
2026-03-07 02:00:00,NYC,102
2026-03-07 02:15:00,NYC,127
2026-03-07 02:30:00,NYC,125
2026-03-07 02:45:00,NYC,115
2026-03-07 03:00:00,NYC,136
2026-03-07 03:15:00,NYC,133
2026-03-07 03:30:00,NYC,100
2026-03-07 03:45:00,NYC,123
2026-03-07 04:00:00,NYC,131
2026-03-07 04:15:00,NYC,135
2026-03-07 04:30:00,NYC,118
2026-03-07 04:45:00,NYC,110
2026-03-07 05:00:00,NYC,112
2026-03-07 05:15:00,NYC,115
2026-03-07 05:30:00,NYC,103
2026-03-07 05:45:00,NYC,113
2026-03-08 00:00:00,NYC,136
2026-03-08 00:15:00,NYC,128
2026-03-08 00:30:00,NYC,100
2026-03-08 00:45:00,NYC,102
2026-03-08 01:00:00,NYC,128
2026-03-08 01:15:00,NYC,137
2026-03-08 01:30:00,NYC,128
2026-03-08 01:45:00,NYC,138
2026-03-08 02:00:00,NYC,121
2026-03-08 02:15:00,NYC,108
2026-03-08 02:30:00,NYC,119
2026-03-08 02:45:00,NYC,129
2026-03-08 03:00:00,NYC,107
2026-03-08 03:15:00,NYC,116
2026-03-08 03:30:00,NYC,123
2026-03-08 03:45:00,NYC,134
2026-03-08 04:00:00,NYC,102
2026-03-08 04:15:00,NYC,110
2026-03-08 04:30:00,NYC,104
2026-03-08 04:45:00,NYC,118
2026-03-08 05:00:00,NYC,133
2026-03-08 05:15:00,NYC,128
2026-03-08 05:30:00,NYC,110
2026-03-08 05:45:00,NYC,109
2026-03-09 00:00:00,NYC,125
2026-03-09 00:15:00,NYC,111
2026-03-09 00:30:00,NYC,118
2026-03-09 00:45:00,NYC,105
2026-03-09 01:00:00,NYC,116
2026-03-09 01:15:00,NYC,132
2026-03-09 01:30:00,NYC,130
2026-03-09 01:45:00,NYC,123
2026-03-09 02:00:00,NYC,134
2026-03-09 02:15:00,NYC,139
2026-03-09 02:30:00,NYC,134
2026-03-09 02:45:00,NYC,136
2026-03-09 03:00:00,NYC,124
2026-03-09 03:15:00,NYC,137
2026-03-09 03:30:00,NYC,110
2026-03-09 03:45:00,NYC,109
2026-03-09 04:00:00,NYC,119
2026-03-09 04:15:00,NYC,109
2026-03-09 04:30:00,NYC,133
2026-03-09 04:45:00,NYC,118
2026-03-09 05:00:00,NYC,104
2026-03-09 05:15:00,NYC,130
2026-03-09 05:30:00,NYC,100
2026-03-09 05:45:00,NYC,137
2026-03-10 00:00:00,NYC,102
2026-03-10 00:15:00,NYC,139
2026-03-10 00:30:00,NYC,119
2026-03-10 00:45:00,NYC,123
2026-03-10 01:00:00,NYC,128
2026-03-10 01:15:00,NYC,137
2026-03-10 01:30:00,NYC,121
2026-03-10 01:45:00,NYC,123
2026-03-10 02:00:00,NYC,136
2026-03-10 02:15:00,NYC,112
2026-03-10 02:30:00,NYC,124
2026-03-10 02:45:00,NYC,124
2026-03-10 03:00:00,NYC,103
2026-03-10 03:15:00,NYC,120
2026-03-10 03:30:00,NYC,125
2026-03-10 03:45:00,NYC,112
2026-03-10 04:00:00,NYC,126
2026-03-10 04:15:00,NYC,114
2026-03-10 04:30:00,NYC,116
2026-03-10 04:45:00,NYC,107
2026-03-10 05:00:00,NYC,138
2026-03-10 05:15:00,NYC,119
2026-03-10 05:30:00,NYC,118
2026-03-10 05:45:00,NYC,109
2026-03-11 00:00:00,NYC,100
2026-03-11 00:15:00,NYC,131
2026-03-11 00:30:00,NYC,114
2026-03-11 00:45:00,NYC,109
2026-03-11 01:00:00,NYC,106
2026-03-11 01:15:00,NYC,117
2026-03-11 01:30:00,NYC,129
2026-03-11 01:45:00,NYC,104
2026-03-11 02:00:00,NYC,124
2026-03-11 02:15:00,NYC,113
2026-03-11 02:30:00,NYC,117
2026-03-11 02:45:00,NYC,104
2026-03-11 03:00:00,NYC,138
2026-03-11 03:15:00,NYC,120
2026-03-11 03:30:00,NYC,115
2026-03-11 03:45:00,NYC,134
2026-03-11 04:00:00,NYC,118
2026-03-11 04:15:00,NYC,132
2026-03-11 04:30:00,NYC,117
2026-03-11 04:45:00,NYC,109
2026-03-11 05:00:00,NYC,129
2026-03-11 05:15:00,NYC,134
2026-03-11 05:30:00,NYC,109
2026-03-11 05:45:00,NYC,100
